Workbook

Sheet Inputs
A1: Curvature measured from surveyors' triangles · workbook
A2: Blue = input you can change · black = formula · green = link to another sheet. Change the SNR cut or tier weights and the Result sheet recalculates.
A4: R0, fixed scale radius for SNR (m) | B4: 6371000 | C4: Fixed before the run; not a fit (RULE.md)
A5: Arc-seconds per radian | B5: 206264.81 | C5: 360·3600/(2π)
A6: SNR cut (keep triangles with SNR ≥ cut) | B6: 2 | C6: Declared rule: 2. Try 0, 1 or 3 (section 4 sensitivity)
A7: Tier A weight | B7: 1 | C7: Observed angles + 3 printed sides
A8: Tier B weight | B8: 0.5 | C8: Observed angles + 1–2 printed sides
A9: Tier C weight | B9: 0.25 | C9: Observed angles, coordinate area only

Sheet Result
A1: Main result · recalculates from the Triangles sheet and the Inputs
A2: Expected with the declared inputs: 391 triangles, q = 0.9953 ± 0.0048, K = 2.4501 × 10⁻¹⁴ m⁻², R = 6,389 km (scripts/rule_fit.py).
A4: Triangles in the result | B4: =SUM(Triangles!$K$2:$K$1006) -> 391
A5: Σ w·A·ε | B5: =SUMPRODUCT(Triangles!$P$2:$P$1006,Triangles!$D$2:$D$1006,Triangles!$E$2:$E$1006) -> 10198081
A6: Σ w·A² | B6: =SUMPRODUCT(Triangles!$P$2:$P$1006,Triangles!$D$2:$D$1006,Triangles!$D$2:$D$1006) -> 2.0179584e+09
A7: K measured (″ per km²) | B7: =B5/B6 -> 0.0050536624
A8: K ellipsoid, same weights (″ per km²) | B8: =SUMPRODUCT(Triangles!$P$2:$P$1006,Triangles!$D$2:$D$1006,Triangles!$F$2:$F$1006,Triangles!$D$2:$D$1006)/B6 -> 0.0050774761
A9: Ratio q = K / K ellipsoid | B9: =B7/B8 -> 0.99530994 | C9: Main result
A10: Variance of K (sandwich) | B10: =SUMPRODUCT(Triangles!$P$2:$P$1006,Triangles!$P$2:$P$1006,Triangles!$D$2:$D$1006,Triangles!$D$2:$D$1006,Triangles!$G$2:$G$1006,Triangles!$G$2:$G$1006)/B6^2 -> 4.9535531e-10
A11: χ²/dof | B11: =SUM(Triangles!$Q$2:$Q$1006)/(B4-1) -> 1.1966574
A12: σ of K (″ per km²), inflated if χ²/dof > 1 | B12: =SQRT(B10)*MAX(1,SQRT(B11)) -> 2.434688e-05
A13: σ of q | B13: =B12/B8 -> 0.0047950754 | C13: Main result
A14: z (q vs 1) | B14: =(B9-1)/B13 -> -0.97809905
A15: K measured (m⁻², ×10⁻¹⁴) | B15: =B7/Inputs!$B$5/1000000*100000000000000 -> 2.4500847 | C15: Main result
A16: σ of K (m⁻², ×10⁻¹⁴) | B16: =B12/Inputs!$B$5/1000000*100000000000000 -> 0.011803701
A17: Radius 1/√K (km) | B17: =1/SQRT(B15*0.00000000000001)/1000 -> 6388.6553 | C17: Main result
A20: By survey (unweighted within a survey, as in section 4)
A21: Survey | B21: Triangles | C21: K (″/km²) | D21: K ellipsoid (″/km²) | E21: q | F21: σ of q
A22: US 39th parallel | B22: =SUMPRODUCT((Triangles!$A$2:$A$1006=A22)*Triangles!$K$2:$K$1006) -> 118 | C22: =SUMPRODUCT((Triangles!$A$2:$A$1006=A22)*Triangles!$K$2:$K$1006,Triangles!$D$2:$D$1006,Triangles!$E$2:$E$1006)/SUMPRODUCT((Triangles!$A$2:$A$1006=A22)*Triangles!$K$2:$K$1006,Triangles!$D$2:$D$1006,Triangles!$D$2:$D$1006) -> 0.0050754286 | D22: =SUMPRODUCT((Triangles!$A$2:$A$1006=A22)*Triangles!$K$2:$K$1006,Triangles!$D$2:$D$1006,Triangles!$F$2:$F$1006,Triangles!$D$2:$D$1006)/SUMPRODUCT((Triangles!$A$2:$A$1006=A22)*Triangles!$K$2:$K$1006,Triangles!$D$2:$D$1006,Triangles!$D$2:$D$1006) -> 0.0050777107 | E22: =C22/D22 -> 0.99955058 | F22: =INDEX(Triangles!$G$2:$G$1006,MATCH(A22,Triangles!$A$2:$A$1006,0))/SQRT(SUMPRODUCT((Triangles!$A$2:$A$1006=A22)*Triangles!$K$2:$K$1006,Triangles!$D$2:$D$1006,Triangles!$D$2:$D$1006))/D22 -> 0.004782387
A23: US Eastern Oblique | B23: =SUMPRODUCT((Triangles!$A$2:$A$1006=A23)*Triangles!$K$2:$K$1006) -> 157 | C23: =SUMPRODUCT((Triangles!$A$2:$A$1006=A23)*Triangles!$K$2:$K$1006,Triangles!$D$2:$D$1006,Triangles!$E$2:$E$1006)/SUMPRODUCT((Triangles!$A$2:$A$1006=A23)*Triangles!$K$2:$K$1006,Triangles!$D$2:$D$1006,Triangles!$D$2:$D$1006) -> 0.0049241928 | D23: =SUMPRODUCT((Triangles!$A$2:$A$1006=A23)*Triangles!$K$2:$K$1006,Triangles!$D$2:$D$1006,Triangles!$F$2:$F$1006,Triangles!$D$2:$D$1006)/SUMPRODUCT((Triangles!$A$2:$A$1006=A23)*Triangles!$K$2:$K$1006,Triangles!$D$2:$D$1006,Triangles!$D$2:$D$1006) -> 0.0050767732 | E23: =C23/D23 -> 0.9699454 | F23: =INDEX(Triangles!$G$2:$G$1006,MATCH(A23,Triangles!$A$2:$A$1006,0))/SQRT(SUMPRODUCT((Triangles!$A$2:$A$1006=A23)*Triangles!$K$2:$K$1006,Triangles!$D$2:$D$1006,Triangles!$D$2:$D$1006))/D23 -> 0.014294784
A24: Maclear, Cape 1837–48 | B24: =SUMPRODUCT((Triangles!$A$2:$A$1006=A24)*Triangles!$K$2:$K$1006) -> 52 | C24: =SUMPRODUCT((Triangles!$A$2:$A$1006=A24)*Triangles!$K$2:$K$1006,Triangles!$D$2:$D$1006,Triangles!$E$2:$E$1006)/SUMPRODUCT((Triangles!$A$2:$A$1006=A24)*Triangles!$K$2:$K$1006,Triangles!$D$2:$D$1006,Triangles!$D$2:$D$1006) -> 0.0050968989 | D24: =SUMPRODUCT((Triangles!$A$2:$A$1006=A24)*Triangles!$K$2:$K$1006,Triangles!$D$2:$D$1006,Triangles!$F$2:$F$1006,Triangles!$D$2:$D$1006)/SUMPRODUCT((Triangles!$A$2:$A$1006=A24)*Triangles!$K$2:$K$1006,Triangles!$D$2:$D$1006,Triangles!$D$2:$D$1006) -> 0.0050856006 | E24: =C24/D24 -> 1.0022216 | F24: =INDEX(Triangles!$G$2:$G$1006,MATCH(A24,Triangles!$A$2:$A$1006,0))/SQRT(SUMPRODUCT((Triangles!$A$2:$A$1006=A24)*Triangles!$K$2:$K$1006,Triangles!$D$2:$D$1006,Triangles!$D$2:$D$1006))/D24 -> 0.024651135
A25: Europe 52°N (Helmert) | B25: =SUMPRODUCT((Triangles!$A$2:$A$1006=A25)*Triangles!$K$2:$K$1006) -> 45 | C25: =SUMPRODUCT((Triangles!$A$2:$A$1006=A25)*Triangles!$K$2:$K$1006,Triangles!$D$2:$D$1006,Triangles!$E$2:$E$1006)/SUMPRODUCT((Triangles!$A$2:$A$1006=A25)*Triangles!$K$2:$K$1006,Triangles!$D$2:$D$1006,Triangles!$D$2:$D$1006) -> 0.0048496198 | D25: =SUMPRODUCT((Triangles!$A$2:$A$1006=A25)*Triangles!$K$2:$K$1006,Triangles!$D$2:$D$1006,Triangles!$F$2:$F$1006,Triangles!$D$2:$D$1006)/SUMPRODUCT((Triangles!$A$2:$A$1006=A25)*Triangles!$K$2:$K$1006,Triangles!$D$2:$D$1006,Triangles!$D$2:$D$1006) -> 0.0050634322 | E25: =C25/D25 -> 0.95777323 | F25: =INDEX(Triangles!$G$2:$G$1006,MATCH(A25,Triangles!$A$2:$A$1006,0))/SQRT(SUMPRODUCT((Triangles!$A$2:$A$1006=A25)*Triangles!$K$2:$K$1006,Triangles!$D$2:$D$1006,Triangles!$D$2:$D$1006))/D25 -> 0.025030405
A26: Transvaal–Rhodesia | B26: =SUMPRODUCT((Triangles!$A$2:$A$1006=A26)*Triangles!$K$2:$K$1006) -> 9 | C26: =SUMPRODUCT((Triangles!$A$2:$A$1006=A26)*Triangles!$K$2:$K$1006,Triangles!$D$2:$D$1006,Triangles!$E$2:$E$1006)/SUMPRODUCT((Triangles!$A$2:$A$1006=A26)*Triangles!$K$2:$K$1006,Triangles!$D$2:$D$1006,Triangles!$D$2:$D$1006) -> 0.0040755785 | D26: =SUMPRODUCT((Triangles!$A$2:$A$1006=A26)*Triangles!$K$2:$K$1006,Triangles!$D$2:$D$1006,Triangles!$F$2:$F$1006,Triangles!$D$2:$D$1006)/SUMPRODUCT((Triangles!$A$2:$A$1006=A26)*Triangles!$K$2:$K$1006,Triangles!$D$2:$D$1006,Triangles!$D$2:$D$1006) -> 0.0050955226 | E26: =C26/D26 -> 0.79983523 | F26: =INDEX(Triangles!$G$2:$G$1006,MATCH(A26,Triangles!$A$2:$A$1006,0))/SQRT(SUMPRODUCT((Triangles!$A$2:$A$1006=A26)*Triangles!$K$2:$K$1006,Triangles!$D$2:$D$1006,Triangles!$D$2:$D$1006))/D26 -> 0.11069396
A27: India GTS meridional | B27: =SUMPRODUCT((Triangles!$A$2:$A$1006=A27)*Triangles!$K$2:$K$1006) -> 4 | C27: =SUMPRODUCT((Triangles!$A$2:$A$1006=A27)*Triangles!$K$2:$K$1006,Triangles!$D$2:$D$1006,Triangles!$E$2:$E$1006)/SUMPRODUCT((Triangles!$A$2:$A$1006=A27)*Triangles!$K$2:$K$1006,Triangles!$D$2:$D$1006,Triangles!$D$2:$D$1006) -> 0.0063201719 | D27: =SUMPRODUCT((Triangles!$A$2:$A$1006=A27)*Triangles!$K$2:$K$1006,Triangles!$D$2:$D$1006,Triangles!$F$2:$F$1006,Triangles!$D$2:$D$1006)/SUMPRODUCT((Triangles!$A$2:$A$1006=A27)*Triangles!$K$2:$K$1006,Triangles!$D$2:$D$1006,Triangles!$D$2:$D$1006) -> 0.0051013234 | E27: =C27/D27 -> 1.2389279 | F27: =INDEX(Triangles!$G$2:$G$1006,MATCH(A27,Triangles!$A$2:$A$1006,0))/SQRT(SUMPRODUCT((Triangles!$A$2:$A$1006=A27)*Triangles!$K$2:$K$1006,Triangles!$D$2:$D$1006,Triangles!$D$2:$D$1006))/D27 -> 0.12762825
A28: England OS 1787–96 | B28: =SUMPRODUCT((Triangles!$A$2:$A$1006=A28)*Triangles!$K$2:$K$1006) -> 6 | C28: =SUMPRODUCT((Triangles!$A$2:$A$1006=A28)*Triangles!$K$2:$K$1006,Triangles!$D$2:$D$1006,Triangles!$E$2:$E$1006)/SUMPRODUCT((Triangles!$A$2:$A$1006=A28)*Triangles!$K$2:$K$1006,Triangles!$D$2:$D$1006,Triangles!$D$2:$D$1006) -> 0.0037714326 | D28: =SUMPRODUCT((Triangles!$A$2:$A$1006=A28)*Triangles!$K$2:$K$1006,Triangles!$D$2:$D$1006,Triangles!$F$2:$F$1006,Triangles!$D$2:$D$1006)/SUMPRODUCT((Triangles!$A$2:$A$1006=A28)*Triangles!$K$2:$K$1006,Triangles!$D$2:$D$1006,Triangles!$D$2:$D$1006) -> 0.0050635819 | E28: =C28/D28 -> 0.74481517 | F28: =INDEX(Triangles!$G$2:$G$1006,MATCH(A28,Triangles!$A$2:$A$1006,0))/SQRT(SUMPRODUCT((Triangles!$A$2:$A$1006=A28)*Triangles!$K$2:$K$1006,Triangles!$D$2:$D$1006,Triangles!$D$2:$D$1006))/D28 -> 0.1142657
A30: σ of q per survey here is before χ² inflation; section 4 of the report applies it.

Sheet Triangles
A1: Survey | B1: Triangle | C1: Tier | D1: Area used (km²) | E1: Observed excess Σangles−180° (″) | F1: K ellipsoid 1/(MN) (″ per km²) | G1: Survey closure σ (″) | H1: Expected excess A·K (″) | I1: SNR | J1: Tier weight | K1: In result | L1: In chain sum | M1: Area from coordinates (km²) | N1: Printed excess (″) | O1: QC note | P1: Fit weight w = tier/σ² (if in result) | Q1: Residual² (if in result)
A2: Anglo-French 1787 | B2: Hanger Hill Tower - Hampton Poor-house - King's Arbour | C2: A | D2: 45.3723 | E2: -1 | F2: 0.0050627703 | G2: 1.3442 | H2: =D2*F2 -> 0.22970953 | I2: =IF(G2="","",D2*1000000/Inputs!$B$4^2*Inputs!$B$5/G2) -> 0.17152871 | J2: =IF(C2="A",Inputs!$B$7,IF(C2="B",Inputs!$B$8,IF(C2="C",Inputs!$B$9,0))) -> 1 | K2: =IF(AND(E2<>"",G2<>"",J2>0),IF(I2>=Inputs!$B$6,1,0),0) -> 0 | L2: 0 | M2: 45.2204 | N2: 0.29 | O2: ok | P2: =IF(K2=1,J2/G2^2,0) -> 0 | Q2: =IF(K2=1,((E2-Result!$B$7*D2)/G2)^2,0) -> 0
A3: Anglo-French 1787 | B3: St. Ann's Hill - Hampton Poor-house - King's Arbour | C3: B | D3: 42.2137 | E3: -0.4 | F3: 0.0050628188 | G3: 1.3442 | H3: =D3*F3 -> 0.21372032 | I3: =IF(G3="","",D3*1000000/Inputs!$B$4^2*Inputs!$B$5/G3) -> 0.15958771 | J3: =IF(C3="A",Inputs!$B$7,IF(C3="B",Inputs!$B$8,IF(C3="C",Inputs!$B$9,0))) -> 0.5 | K3: =IF(AND(E3<>"",G3<>"",J3>0),IF(I3>=Inputs!$B$6,1,0),0) -> 0 | L3: 0 | M3: 42.0201 | N3: 0.21 | O3: ok | P3: =IF(K3=1,J3/G3^2,0) -> 0 | Q3: =IF(K3=1,((E3-Result!$B$7*D3)/G3)^2,0) -> 0
A4: Anglo-French 1787 | B4: Windsor Castle, Wardrobe Tower - King's Arbour - St. Ann's Hill | D4: 49.2762 | F4: 0.0050627969 | G4: 1.3442 | H4: =D4*F4 -> 0.24947539 | I4: =IF(G4="","",D4*1000000/Inputs!$B$4^2*Inputs!$B$5/G4) -> 0.1862873 | J4: =IF(C4="A",Inputs!$B$7,IF(C4="B",Inputs!$B$8,IF(C4="C",Inputs!$B$9,0))) -> 0 | K4: =IF(AND(E4<>"",G4<>"",J4>0),IF(I4>=Inputs!$B$6,1,0),0) -> 0 | L4: 0 | M4: 49.2762 | N4: 0.25 | O4: ok | P4: =IF(K4=1,J4/G4^2,0) -> 0 | Q4: =IF(K4=1,((E4-Result!$B$7*D4)/G4)^2,0) -> 0
A5: Anglo-French 1787 | B5: Hundred Acres - Hanger Hill Tower - St. Ann's Hill | C5: B | D5: 214.0675 | E5: -0.75 | F5: 0.0050628361 | G5: 1.3442 | H5: =D5*F5 -> 1.0837887 | I5: =IF(G5="","",D5*1000000/Inputs!$B$4^2*Inputs!$B$5/G5) -> 0.8092762 | J5: =IF(C5="A",Inputs!$B$7,IF(C5="B",Inputs!$B$8,IF(C5="C",Inputs!$B$9,0))) -> 0.5 | K5: =IF(AND(E5<>"",G5<>"",J5>0),IF(I5>=Inputs!$B$6,1,0),0) -> 0 | L5: 0 | M5: 213.2789 | N5: 1.08 | O5: ok | P5: =IF(K5=1,J5/G5^2,0) -> 0 | Q5: =IF(K5=1,((E5-Result!$B$7*D5)/G5)^2,0) -> 0
A6: Anglo-French 1787 | B6: Severndroog Castle - Hanger Hill Tower - Hundred Acres | C6: B | D6: 233.4519 | E6: 1.05 | F6: 0.0050628095 | G6: 1.3442 | H6: =D6*F6 -> 1.1819225 | I6: =IF(G6="","",D6*1000000/Inputs!$B$4^2*Inputs!$B$5/G6) -> 0.88255838 | J6: =IF(C6="A",Inputs!$B$7,IF(C6="B",Inputs!$B$8,IF(C6="C",Inputs!$B$9,0))) -> 0.5 | K6: =IF(AND(E6<>"",G6<>"",J6>0),IF(I6>=Inputs!$B$6,1,0),0) -> 0 | L6: 0 | M6: 232.5278 | N6: 1.18 | O6: ok | P6: =IF(K6=1,J6/G6^2,0) -> 0 | Q6: =IF(K6=1,((E6-Result!$B$7*D6)/G6)^2,0) -> 0
A7: Anglo-French 1787 | B7: Norwood - Hanger Hill Tower - Severndroog Castle | C7: B | D7: 110.2082 | E7: 1 | F7: 0.0050627816 | G7: 1.3442 | H7: =D7*F7 -> 0.55796004 | I7: =IF(G7="","",D7*1000000/Inputs!$B$4^2*Inputs!$B$5/G7) -> 0.41663902 | J7: =IF(C7="A",Inputs!$B$7,IF(C7="B",Inputs!$B$8,IF(C7="C",Inputs!$B$9,0))) -> 0.5 | K7: =IF(AND(E7<>"",G7<>"",J7>0),IF(I7>=Inputs!$B$6,1,0),0) -> 0 | L7: 0 | M7: 109.7378 | N7: 0.44 | O7: ok | P7: =IF(K7=1,J7/G7^2,0) -> 0 | Q7: =IF(K7=1,((E7-Result!$B$7*D7)/G7)^2,0) -> 0
A8: Anglo-French 1787 | B8: Norwood - Hanger Hill Tower - Hundred Acres | D8: 105.1201 | F8: 0.0050628312 | G8: 1.3442 | H8: =D8*F8 -> 0.53220532 | I8: =IF(G8="","",D8*1000000/Inputs!$B$4^2*Inputs!$B$5/G8) -> 0.3974036 | J8: =IF(C8="A",Inputs!$B$7,IF(C8="B",Inputs!$B$8,IF(C8="C",Inputs!$B$9,0))) -> 0 | K8: =IF(AND(E8<>"",G8<>"",J8>0),IF(I8>=Inputs!$B$6,1,0),0) -> 0 | L8: 0 | M8: 105.1201 | N8: 0.53 | O8: ok | P8: =IF(K8=1,J8/G8^2,0) -> 0 | Q8: =IF(K8=1,((E8-Result!$B$7*D8)/G8)^2,0) -> 0
A9: Anglo-French 1787 | B9: Greenwich Observatory, Transit Room - Severndroog Castle - Norwood | C9: B | D9: 19.6872 | E9: 2 | F9: 0.0050627992 | G9: 1.3442 | H9: =D9*F9 -> 0.09967234 | I9: =IF(G9="","",D9*1000000/Inputs!$B$4^2*Inputs!$B$5/G9) -> 0.074426909 | J9: =IF(C9="A",Inputs!$B$7,IF(C9="B",Inputs!$B$8,IF(C9="C",Inputs!$B$9,0))) -> 0.5 | K9: =IF(AND(E9<>"",G9<>"",J9>0),IF(I9>=Inputs!$B$6,1,0),0) -> 0 | L9: 0 | M9: 19.5889 | N9: 0.01 | O9: ok | P9: =IF(K9=1,J9/G9^2,0) -> 0 | Q9: =IF(K9=1,((E9-Result!$B$7*D9)/G9)^2,0) -> 0
A10: Anglo-French 1787 | B10: Botley Hill - Hundred Acres - Severndroog Castle | C10: B | D10: 153.1923 | E10: -0.05 | F10: 0.0050629041 | G10: 1.3442 | H10: =D10*F10 -> 0.77559793 | I10: =IF(G10="","",D10*1000000/Inputs!$B$4^2*Inputs!$B$5/G10) -> 0.57913921 | J10: =IF(C10="A",Inputs!$B$7,IF(C10="B",Inputs!$B$8,IF(C10="C",Inputs!$B$9,0))) -> 0.5 | K10: =IF(AND(E10<>"",G10<>"",J10>0),IF(I10>=Inputs!$B$6,1,0),0) -> 0 | L10: 0 | M10: 152.475 | N10: 0.78 | O10: ok | P10: =IF(K10=1,J10/G10^2,0) -> 0 | Q10: =IF(K10=1,((E10-Result!$B$7*D10)/G10)^2,0) -> 0
A11: Anglo-French 1787 | B11: Wrotham Hill - Botley Hill - Severndroog Castle | C11: B | D11: 220.3761 | E11: 1 | F11: 0.0050629131 | G11: 1.3442 | H11: =D11*F11 -> 1.115745 | I11: =IF(G11="","",D11*1000000/Inputs!$B$4^2*Inputs!$B$5/G11) -> 0.83312569 | J11: =IF(C11="A",Inputs!$B$7,IF(C11="B",Inputs!$B$8,IF(C11="C",Inputs!$B$9,0))) -> 0.5 | K11: =IF(AND(E11<>"",G11<>"",J11>0),IF(I11>=Inputs!$B$6,1,0),0) -> 0 | L11: 0 | M11: 224.658 | N11: 1.12 | O11: ok | P11: =IF(K11=1,J11/G11^2,0) -> 0 | Q11: =IF(K11=1,((E11-Result!$B$7*D11)/G11)^2,0) -> 0
A12: Anglo-French 1787 | B12: Frant - Botley Hill - Wrotham Hill | C12: B | D12: 257.5567 | E12: 1.45 | F12: 0.0050630554 | G12: 1.3442 | H12: =D12*F12 -> 1.3040238 | I12: =IF(G12="","",D12*1000000/Inputs!$B$4^2*Inputs!$B$5/G12) -> 0.97368591 | J12: =IF(C12="A",Inputs!$B$7,IF(C12="B",Inputs!$B$8,IF(C12="C",Inputs!$B$9,0))) -> 0.5 | K12: =IF(AND(E12<>"",G12<>"",J12>0),IF(I12>=Inputs!$B$6,1,0),0) -> 0 | L12: 0 | M12: 261.4555 | N12: 1.3 | O12: ok | P12: =IF(K12=1,J12/G12^2,0) -> 0 | Q12: =IF(K12=1,((E12-Result!$B$7*D12)/G12)^2,0) -> 0
A13: Anglo-French 1787 | B13: Hollingborn Hill - Wrotham Hill - Frant | D13: 293.0477 | F13: 0.0050630606 | G13: 1.3442 | H13: =D13*F13 -> 1.4837183 | I13: =IF(G13="","",D13*1000000/Inputs!$B$4^2*Inputs!$B$5/G13) -> 1.1078586 | J13: =IF(C13="A",Inputs!$B$7,IF(C13="B",Inputs!$B$8,IF(C13="C",Inputs!$B$9,0))) -> 0 | K13: =IF(AND(E13<>"",G13<>"",J13>0),IF(I13>=Inputs!$B$6,1,0),0) -> 0 | L13: 0 | M13: 293.0477 | N13: 1.52 | O13: ok | P13: =IF(K13=1,J13/G13^2,0) -> 0 | Q13: =IF(K13=1,((E13-Result!$B$7*D13)/G13)^2,0) -> 0
A14: Anglo-French 1787 | B14: Fairlight Down - Frant - Hollingborn Hill | D14: 558.6645 | F14: 0.0050632298 | G14: 1.3442 | H14: =D14*F14 -> 2.8286468 | I14: =IF(G14="","",D14*1000000/Inputs!$B$4^2*Inputs!$B$5/G14) -> 2.1120155 | J14: =IF(C14="A",Inputs!$B$7,IF(C14="B",Inputs!$B$8,IF(C14="C",Inputs!$B$9,0))) -> 0 | K14: =IF(AND(E14<>"",G14<>"",J14>0),IF(I14>=Inputs!$B$6,1,0),0) -> 0 | L14: 0 | M14: 558.6645 | N14: 2.85 | O14: ok | P14: =IF(K14=1,J14/G14^2,0) -> 0 | Q14: =IF(K14=1,((E14-Result!$B$7*D14)/G14)^2,0) -> 0
A15: Anglo-French 1787 | B15: Goudhurst - Botley Hill - Wrotham Hill | C15: B | D15: 265.7618 | E15: -1.5 | F15: 0.0050630494 | G15: 1.3442 | H15: =D15*F15 -> 1.3455651 | I15: =IF(G15="","",D15*1000000/Inputs!$B$4^2*Inputs!$B$5/G15) -> 1.0047051 | J15: =IF(C15="A",Inputs!$B$7,IF(C15="B",Inputs!$B$8,IF(C15="C",Inputs!$B$9,0))) -> 0.5 | K15: =IF(AND(E15<>"",G15<>"",J15>0),IF(I15>=Inputs!$B$6,1,0),0) -> 0 | L15: 0 | M15: 269.1793 | N15: 1.35 | O15: ok | P15: =IF(K15=1,J15/G15^2,0) -> 0 | Q15: =IF(K15=1,((E15-Result!$B$7*D15)/G15)^2,0) -> 0
A16: Anglo-French 1787 | B16: Goudhurst - Frant - Wrotham Hill | C16: B | D16: 159.1896 | E16: 1.3 | F16: 0.005063119 | G16: 1.3442 | H16: =D16*F16 -> 0.80599589 | I16: =IF(G16="","",D16*1000000/Inputs!$B$4^2*Inputs!$B$5/G16) -> 0.60181183 | J16: =IF(C16="A",Inputs!$B$7,IF(C16="B",Inputs!$B$8,IF(C16="C",Inputs!$B$9,0))) -> 0.5 | K16: =IF(AND(E16<>"",G16<>"",J16>0),IF(I16>=Inputs!$B$6,1,0),0) -> 0 | L16: 0 | M16: 158.0181 | N16: 0.81 | O16: ok | P16: =IF(K16=1,J16/G16^2,0) -> 0 | Q16: =IF(K16=1,((E16-Result!$B$7*D16)/G16)^2,0) -> 0
A17: Anglo-French 1787 | B17: Hollingborn Hill - Wrotham Hill - Goudhurst | C17: C | D17: 235.8218 | E17: -1 | F17: 0.0050630546 | G17: 1.3442 | H17: =D17*F17 -> 1.1939786 | I17: =IF(G17="","",D17*1000000/Inputs!$B$4^2*Inputs!$B$5/G17) -> 0.89151772 | J17: =IF(C17="A",Inputs!$B$7,IF(C17="B",Inputs!$B$8,IF(C17="C",Inputs!$B$9,0))) -> 0.25 | K17: =IF(AND(E17<>"",G17<>"",J17>0),IF(I17>=Inputs!$B$6,1,0),0) -> 0 | L17: 0 | M17: 235.8218 | N17: 1.22 | O17: ok | P17: =IF(K17=1,J17/G17^2,0) -> 0 | Q17: =IF(K17=1,((E17-Result!$B$7*D17)/G17)^2,0) -> 0
A18: Anglo-French 1787 | B18: Tenterden - Goudhurst - Hollingborn Hill | D18: 166.4426 | F18: 0.0050631498 | G18: 1.3442 | H18: =D18*F18 -> 0.84272381 | I18: =IF(G18="","",D18*1000000/Inputs!$B$4^2*Inputs!$B$5/G18) -> 0.6292316 | J18: =IF(C18="A",Inputs!$B$7,IF(C18="B",Inputs!$B$8,IF(C18="C",Inputs!$B$9,0))) -> 0 | K18: =IF(AND(E18<>"",G18<>"",J18>0),IF(I18>=Inputs!$B$6,1,0),0) -> 0 | L18: 0 | M18: 166.4426 | N18: 0.85 | O18: ok | P18: =IF(K18=1,J18/G18^2,0) -> 0 | Q18: =IF(K18=1,((E18-Result!$B$7*D18)/G18)^2,0) -> 0
A19: Anglo-French 1787 | B19: Fairlight Down - Goudhurst - Tenterden | D19: 179.4396 | F19: 0.0050632997 | G19: 1.3442 | H19: =D19*F19 -> 0.90855648 | I19: =IF(G19="","",D19*1000000/Inputs!$B$4^2*Inputs!$B$5/G19) -> 0.67836639 | J19: =IF(C19="A",Inputs!$B$7,IF(C19="B",Inputs!$B$8,IF(C19="C",Inputs!$B$9,0))) -> 0 | K19: =IF(AND(E19<>"",G19<>"",J19>0),IF(I19>=Inputs!$B$6,1,0),0) -> 0 | L19: 0 | M19: 179.4396 | N19: 0.91 | O19: ok | P19: =IF(K19=1,J19/G19^2,0) -> 0 | Q19: =IF(K19=1,((E19-Result!$B$7*D19)/G19)^2,0) -> 0
A20: Anglo-French 1787 | B20: Allington Knoll - Hollingborn Hill - Tenterden | D20: 205.1427 | F20: 0.005063163 | G20: 1.3442 | H20: =D20*F20 -> 1.0386709 | I20: =IF(G20="","",D20*1000000/Inputs!$B$4^2*Inputs!$B$5/G20) -> 0.77553624 | J20: =IF(C20="A",Inputs!$B$7,IF(C20="B",Inputs!$B$8,IF(C20="C",Inputs!$B$9,0))) -> 0 | K20: =IF(AND(E20<>"",G20<>"",J20>0),IF(I20>=Inputs!$B$6,1,0),0) -> 0 | L20: 0 | M20: 205.1427 | N20: 1.05 | O20: ok | P20: =IF(K20=1,J20/G20^2,0) -> 0 | Q20: =IF(K20=1,((E20-Result!$B$7*D20)/G20)^2,0) -> 0
A21: Anglo-French 1787 | B21: Lydd - Allington Knoll - Tenterden | D21: 130.7041 | F21: 0.0050632841 | G21: 1.3442 | H21: =D21*F21 -> 0.66179199 | I21: =IF(G21="","",D21*1000000/Inputs!$B$4^2*Inputs!$B$5/G21) -> 0.4941232 | J21: =IF(C21="A",Inputs!$B$7,IF(C21="B",Inputs!$B$8,IF(C21="C",Inputs!$B$9,0))) -> 0 | K21: =IF(AND(E21<>"",G21<>"",J21>0),IF(I21>=Inputs!$B$6,1,0),0) -> 0 | L21: 0 | M21: 130.7041 | N21: 0.67 | O21: ok | P21: =IF(K21=1,J21/G21^2,0) -> 0 | Q21: =IF(K21=1,((E21-Result!$B$7*D21)/G21)^2,0) -> 0
A22: Anglo-French 1787 | B22: Fairlight Down - Lydd - Tenterden | D22: 194.4977 | F22: 0.0050633624 | G22: 1.3442 | H22: =D22*F22 -> 0.98481233 | I22: =IF(G22="","",D22*1000000/Inputs!$B$4^2*Inputs!$B$5/G22) -> 0.73529312 | J22: =IF(C22="A",Inputs!$B$7,IF(C22="B",Inputs!$B$8,IF(C22="C",Inputs!$B$9,0))) -> 0 | K22: =IF(AND(E22<>"",G22<>"",J22>0),IF(I22>=Inputs!$B$6,1,0),0) -> 0 | L22: 0 | M22: 194.4977 | N22: 0.99 | O22: ok | P22: =IF(K22=1,J22/G22^2,0) -> 0 | Q22: =IF(K22=1,((E22-Result!$B$7*D22)/G22)^2,0) -> 0
A23: Anglo-French 1787 | B23: Allington Knoll - Lydd - Fairlight Down | D23: 128.7996 | F23: 0.0050633583 | G23: 1.3442 | H23: =D23*F23 -> 0.65215852 | I23: =IF(G23="","",D23*1000000/Inputs!$B$4^2*Inputs!$B$5/G23) -> 0.48692329 | J23: =IF(C23="A",Inputs!$B$7,IF(C23="B",Inputs!$B$8,IF(C23="C",Inputs!$B$9,0))) -> 0 | K23: =IF(AND(E23<>"",G23<>"",J23>0),IF(I23>=Inputs!$B$6,1,0),0) -> 0 | L23: 0 | M23: 128.7996 | N23: 0.33 | O23: ok | P23: =IF(K23=1,J23/G23^2,0) -> 0 | Q23: =IF(K23=1,((E23-Result!$B$7*D23)/G23)^2,0) -> 0
A24: Anglo-French 1787 | B24: Lydd - Ruckinge - High Nook | C24: A | D24: 41.5336 | E24: -0.25 | F24: 0.0050633086 | G24: 1.3442 | H24: =D24*F24 -> 0.21029743 | I24: =IF(G24="","",D24*1000000/Inputs!$B$4^2*Inputs!$B$5/G24) -> 0.15701661 | J24: =IF(C24="A",Inputs!$B$7,IF(C24="B",Inputs!$B$8,IF(C24="C",Inputs!$B$9,0))) -> 1 | K24: =IF(AND(E24<>"",G24<>"",J24>0),IF(I24>=Inputs!$B$6,1,0),0) -> 0 | L24: 0 | M24: 41.3368 | N24: 0.21 | O24: ok | P24: =IF(K24=1,J24/G24^2,0) -> 0 | Q24: =IF(K24=1,((E24-Result!$B$7*D24)/G24)^2,0) -> 0
A25: Anglo-French 1787 | B25: Allington Knoll - Ruckinge - High Nook | C25: B | D25: 17.2825 | E25: -2 | F25: 0.0050632593 | G25: 1.3442 | H25: =D25*F25 -> 0.087505778 | I25: =IF(G25="","",D25*1000000/Inputs!$B$4^2*Inputs!$B$5/G25) -> 0.065336008 | J25: =IF(C25="A",Inputs!$B$7,IF(C25="B",Inputs!$B$8,IF(C25="C",Inputs!$B$9,0))) -> 0.5 | K25: =IF(AND(E25<>"",G25<>"",J25>0),IF(I25>=Inputs!$B$6,1,0),0) -> 0 | L25: 0 | M25: 17.2017 | N25: 0.09 | O25: ok | P25: =IF(K25=1,J25/G25^2,0) -> 0 | Q25: =IF(K25=1,((E25-Result!$B$7*D25)/G25)^2,0) -> 0
A26: Anglo-French 1787 | B26: Folkstone Turnpike - Allington Knoll - High Nook | C26: B | D26: 57.9645 | E26: 1 | F26: 0.0050632474 | G26: 1.3442 | H26: =D26*F26 -> 0.2934886 | I26: =IF(G26="","",D26*1000000/Inputs!$B$4^2*Inputs!$B$5/G26) -> 0.21913317 | J26: =IF(C26="A",Inputs!$B$7,IF(C26="B",Inputs!$B$8,IF(C26="C",Inputs!$B$9,0))) -> 0.5 | K26: =IF(AND(E26<>"",G26<>"",J26>0),IF(I26>=Inputs!$B$6,1,0),0) -> 0 | L26: 0 | M26: 57.6923 | N26: 0.29 | O26: ok | P26: =IF(K26=1,J26/G26^2,0) -> 0 | Q26: =IF(K26=1,((E26-Result!$B$7*D26)/G26)^2,0) -> 0
A27: Anglo-French 1787 | B27: Folkstone Turnpike - Allington Knoll - Lydd | D27: 115.4315 | F27: 0.0050632737 | G27: 1.3442 | H27: =D27*F27 -> 0.58446127 | I27: =IF(G27="","",D27*1000000/Inputs!$B$4^2*Inputs!$B$5/G27) -> 0.43638556 | J27: =IF(C27="A",Inputs!$B$7,IF(C27="B",Inputs!$B$8,IF(C27="C",Inputs!$B$9,0))) -> 0 | K27: =IF(AND(E27<>"",G27<>"",J27>0),IF(I27>=Inputs!$B$6,1,0),0) -> 0 | L27: 0 | M27: 115.4315 | N27: 0.59 | O27: ok | P27: =IF(K27=1,J27/G27^2,0) -> 0 | Q27: =IF(K27=1,((E27-Result!$B$7*D27)/G27)^2,0) -> 0
A28: Anglo-French 1787 | B28: Padlesworth - High Nook - Folkstone Turnpike | D28: 30.8382 | F28: 0.005063234 | G28: 1.3442 | H28: =D28*F28 -> 0.15614102 | I28: =IF(G28="","",D28*1000000/Inputs!$B$4^2*Inputs!$B$5/G28) -> 0.11658295 | J28: =IF(C28="A",Inputs!$B$7,IF(C28="B",Inputs!$B$8,IF(C28="C",Inputs!$B$9,0))) -> 0 | K28: =IF(AND(E28<>"",G28<>"",J28>0),IF(I28>=Inputs!$B$6,1,0),0) -> 0 | L28: 0 | M28: 30.8382 | N28: 0.16 | O28: ok | P28: =IF(K28=1,J28/G28^2,0) -> 0 | Q28: =IF(K28=1,((E28-Result!$B$7*D28)/G28)^2,0) -> 0
A29: Anglo-French 1787 | B29: Padlesworth - Lydd - Folkstone Turnpike | D29: 51.4034 | F29: 0.0050632603 | G29: 1.3442 | H29: =D29*F29 -> 0.26026879 | I29: =IF(G29="","",D29*1000000/Inputs!$B$4^2*Inputs!$B$5/G29) -> 0.19432912 | J29: =IF(C29="A",Inputs!$B$7,IF(C29="B",Inputs!$B$8,IF(C29="C",Inputs!$B$9,0))) -> 0 | K29: =IF(AND(E29<>"",G29<>"",J29>0),IF(I29>=Inputs!$B$6,1,0),0) -> 0 | L29: 0 | M29: 51.4034 | N29: 0.27 | O29: ok | P29: =IF(K29=1,J29/G29^2,0) -> 0 | Q29: =IF(K29=1,((E29-Result!$B$7*D29)/G29)^2,0) -> 0
A30: Anglo-French 1787 | B30: Padlesworth - Lydd - Fairlight Down | D30: 114.7453 | F30: 0.0050633449 | G30: 1.3442 | H30: =D30*F30 -> 0.58099503 | I30: =IF(G30="","",D30*1000000/Inputs!$B$4^2*Inputs!$B$5/G30) -> 0.4337914 | J30: =IF(C30="A",Inputs!$B$7,IF(C30="B",Inputs!$B$8,IF(C30="C",Inputs!$B$9,0))) -> 0 | K30: =IF(AND(E30<>"",G30<>"",J30>0),IF(I30>=Inputs!$B$6,1,0),0) -> 0 | L30: 0 | M30: 114.7453 | N30: 0.59 | O30: ok | P30: =IF(K30=1,J30/G30^2,0) -> 0 | Q30: =IF(K30=1,((E30-Result!$B$7*D30)/G30)^2,0) -> 0
A31: Anglo-French 1787 | B31: Swingfield - Padlesworth - Folkstone Turnpike | C31: C | D31: 10.6993 | E31: 0 | F31: 0.005063185 | G31: 1.3442 | H31: =D31*F31 -> 0.054172535 | I31: =IF(G31="","",D31*1000000/Inputs!$B$4^2*Inputs!$B$5/G31) -> 0.040448405 | J31: =IF(C31="A",Inputs!$B$7,IF(C31="B",Inputs!$B$8,IF(C31="C",Inputs!$B$9,0))) -> 0.25 | K31: =IF(AND(E31<>"",G31<>"",J31>0),IF(I31>=Inputs!$B$6,1,0),0) -> 0 | L31: 0 | M31: 10.6993 | N31: 0.06 | O31: ok | P31: =IF(K31=1,J31/G31^2,0) -> 0 | Q31: =IF(K31=1,((E31-Result!$B$7*D31)/G31)^2,0) -> 0
A32: Anglo-French 1787 | B32: Dover Castle - Swingfield - Folkstone Turnpike | C32: B | D32: 25.4721 | E32: 0 | F32: 0.0050631788 | G32: 1.3442 | H32: =D32*F32 -> 0.1289698 | I32: =IF(G32="","",D32*1000000/Inputs!$B$4^2*Inputs!$B$5/G32) -> 0.096296562 | J32: =IF(C32="A",Inputs!$B$7,IF(C32="B",Inputs!$B$8,IF(C32="C",Inputs!$B$9,0))) -> 0.5 | K32: =IF(AND(E32<>"",G32<>"",J32>0),IF(I32>=Inputs!$B$6,1,0),0) -> 0 | L32: 0 | M32: 25.3696 | N32: 0.13 | O32: ok | P32: =IF(K32=1,J32/G32^2,0) -> 0 | Q32: =IF(K32=1,((E32-Result!$B$7*D32)/G32)^2,0) -> 0
A33: Anglo-French 1787 | B33: Dover Castle - Padlesworth - Fairlight Down | D33: 133.7011 | F33: 0.005063276 | G33: 1.3442 | H33: =D33*F33 -> 0.67696557 | I33: =IF(G33="","",D33*1000000/Inputs!$B$4^2*Inputs!$B$5/G33) -> 0.50545327 | J33: =IF(C33="A",Inputs!$B$7,IF(C33="B",Inputs!$B$8,IF(C33="C",Inputs!$B$9,0))) -> 0 | K33: =IF(AND(E33<>"",G33<>"",J33>0),IF(I33>=Inputs!$B$6,1,0),0) -> 0 | L33: 0 | M33: 133.7011 | N33: 0.69 | O33: ok | P33: =IF(K33=1,J33/G33^2,0) -> 0 | Q33: =IF(K33=1,((E33-Result!$B$7*D33)/G33)^2,0) -> 0
A34: Anglo-French 1787 | B34: Dover Castle - Fairlight Down - Montlambert | D34: 1451.3323 | F34: 0.0050634297 | G34: 1.3442 | H34: =D34*F34 -> 7.3487191 | I34: =IF(G34="","",D34*1000000/Inputs!$B$4^2*Inputs!$B$5/G34) -> 5.4867212 | J34: =IF(C34="A",Inputs!$B$7,IF(C34="B",Inputs!$B$8,IF(C34="C",Inputs!$B$9,0))) -> 0 | K34: =IF(AND(E34<>"",G34<>"",J34>0),IF(I34>=Inputs!$B$6,1,0),0) -> 0 | L34: 0 | M34: 1451.3323 | N34: 7.4 | O34: ok | P34: =IF(K34=1,J34/G34^2,0) -> 0 | Q34: =IF(K34=1,((E34-Result!$B$7*D34)/G34)^2,0) -> 0
A35: Anglo-French 1787 | B35: Fairlight Down - Dover Castle - Blancnez | D35: 937.8161 | F35: 0.0050633491 | G35: 1.3442 | H35: =D35*F35 -> 4.7484903 | I35: =IF(G35="","",D35*1000000/Inputs!$B$4^2*Inputs!$B$5/G35) -> 3.5453876 | J35: =IF(C35="A",Inputs!$B$7,IF(C35="B",Inputs!$B$8,IF(C35="C",Inputs!$B$9,0))) -> 0 | K35: =IF(AND(E35<>"",G35<>"",J35>0),IF(I35>=Inputs!$B$6,1,0),0) -> 0 | L35: 0 | M35: 937.8161 | N35: 4.78 | O35: ok | P35: =IF(K35=1,J35/G35^2,0) -> 0 | Q35: =IF(K35=1,((E35-Result!$B$7*D35)/G35)^2,0) -> 0
A36: Anglo-French 1787 | B36: Dover Castle - Montlambert - Blancnez | D36: 361.7423 | F36: 0.0050634111 | G36: 1.3442 | H36: =D36*F36 -> 1.83165 | I36: =IF(G36="","",D36*1000000/Inputs!$B$4^2*Inputs!$B$5/G36) -> 1.3675567 | J36: =IF(C36="A",Inputs!$B$7,IF(C36="B",Inputs!$B$8,IF(C36="C",Inputs!$B$9,0))) -> 0 | K36: =IF(AND(E36<>"",G36<>"",J36>0),IF(I36>=Inputs!$B$6,1,0),0) -> 0 | L36: 0 | M36: 361.7423 | N36: 1.84 | O36: ok | P36: =IF(K36=1,J36/G36^2,0) -> 0 | Q36: =IF(K36=1,((E36-Result!$B$7*D36)/G36)^2,0) -> 0
A37: Anglo-French 1787 | B37: N.D. at Calais - Blancnez - Dover Castle | D37: 163.999 | F37: 0.0050633177 | G37: 1.3442 | H37: =D37*F37 -> 0.83037904 | I37: =IF(G37="","",D37*1000000/Inputs!$B$4^2*Inputs!$B$5/G37) -> 0.61999364 | J37: =IF(C37="A",Inputs!$B$7,IF(C37="B",Inputs!$B$8,IF(C37="C",Inputs!$B$9,0))) -> 0 | K37: =IF(AND(E37<>"",G37<>"",J37>0),IF(I37>=Inputs!$B$6,1,0),0) -> 0 | L37: 0 | M37: 163.999 | N37: 0.84 | O37: ok | P37: =IF(K37=1,J37/G37^2,0) -> 0 | Q37: =IF(K37=1,((E37-Result!$B$7*D37)/G37)^2,0) -> 0
A38: Anglo-French 1787 | B38: N.D. at Calais - Dover Castle - Point M near Dunkirk | D38: 473.9782 | F38: 0.0050632771 | G38: 1.3442 | H38: =D38*F38 -> 2.399883 | I38: =IF(G38="","",D38*1000000/Inputs!$B$4^2*Inputs!$B$5/G38) -> 1.7918613 | J38: =IF(C38="A",Inputs!$B$7,IF(C38="B",Inputs!$B$8,IF(C38="C",Inputs!$B$9,0))) -> 0 | K38: =IF(AND(E38<>"",G38<>"",J38>0),IF(I38>=Inputs!$B$6,1,0),0) -> 0 | L38: 0 | M38: 473.9782 | N38: 2.42 | O38: ok | P38: =IF(K38=1,J38/G38^2,0) -> 0 | Q38: =IF(K38=1,((E38-Result!$B$7*D38)/G38)^2,0) -> 0
A39: Anglo-French 1787 | B39: Blancnez - N.D. at Calais - Dover Castle | C39: A | D39: 164.7439 | E39: 0.8 | F39: 0.0050633177 | G39: 1.3442 | H39: =D39*F39 -> 0.8341507 | I39: =IF(G39="","",D39*1000000/Inputs!$B$4^2*Inputs!$B$5/G39) -> 0.62280971 | J39: =IF(C39="A",Inputs!$B$7,IF(C39="B",Inputs!$B$8,IF(C39="C",Inputs!$B$9,0))) -> 1 | K39: =IF(AND(E39<>"",G39<>"",J39>0),IF(I39>=Inputs!$B$6,1,0),0) -> 0 | L39: 0 | M39: 163.999 | O39: ok | P39: =IF(K39=1,J39/G39^2,0) -> 0 | Q39: =IF(K39=1,((E39-Result!$B$7*D39)/G39)^2,0) -> 0
A40: Anglo-French 1787 | B40: Blancnez - Dover Castle - Montlambert | C40: A | D40: 363.5427 | E40: 1.8 | F40: 0.0050634111 | G40: 1.3442 | H40: =D40*F40 -> 1.8407662 | I40: =IF(G40="","",D40*1000000/Inputs!$B$4^2*Inputs!$B$5/G40) -> 1.374363 | J40: =IF(C40="A",Inputs!$B$7,IF(C40="B",Inputs!$B$8,IF(C40="C",Inputs!$B$9,0))) -> 1 | K40: =IF(AND(E40<>"",G40<>"",J40>0),IF(I40>=Inputs!$B$6,1,0),0) -> 0 | L40: 0 | M40: 361.7423 | O40: ok | P40: =IF(K40=1,J40/G40^2,0) -> 0 | Q40: =IF(K40=1,((E40-Result!$B$7*D40)/G40)^2,0) -> 0
A41: Maclear, Cape 1837–48 | B41: Kapoc Berg - East End of Base - West End of Base | C41: A | D41: 106.3596 | E41: 0.66 | F41: 0.005083929 | G41: 1.802 | H41: =D41*F41 -> 0.54072465 | I41: =IF(G41="","",D41*1000000/Inputs!$B$4^2*Inputs!$B$5/G41) -> 0.29993824 | J41: =IF(C41="A",Inputs!$B$7,IF(C41="B",Inputs!$B$8,IF(C41="C",Inputs!$B$9,0))) -> 1 | K41: =IF(AND(E41<>"",G41<>"",J41>0),IF(I41>=Inputs!$B$6,1,0),0) -> 0 | L41: 0 | M41: 106.3776 | N41: 0.541 | O41: ok | P41: =IF(K41=1,J41/G41^2,0) -> 0 | Q41: =IF(K41=1,((E41-Result!$B$7*D41)/G41)^2,0) -> 0
A42: Maclear, Cape 1837–48 | B42: Riebeek's Kasteel - East End of Base - Kapoc Berg | C42: A | D42: 379.8937 | E42: 2.12 | F42: 0.0050839003 | G42: 1.802 | H42: =D42*F42 -> 1.9313417 | I42: =IF(G42="","",D42*1000000/Inputs!$B$4^2*Inputs!$B$5/G42) -> 1.0713151 | J42: =IF(C42="A",Inputs!$B$7,IF(C42="B",Inputs!$B$8,IF(C42="C",Inputs!$B$9,0))) -> 1 | K42: =IF(AND(E42<>"",G42<>"",J42>0),IF(I42>=Inputs!$B$6,1,0),0) -> 0 | L42: 0 | M42: 379.9619 | N42: 1.932 | O42: ok | P42: =IF(K42=1,J42/G42^2,0) -> 0 | Q42: =IF(K42=1,((E42-Result!$B$7*D42)/G42)^2,0) -> 0
A43: Maclear, Cape 1837–48 | B43: K. F. Contre Berg - East End of Base - West End of Base | C43: A | D43: 116.4928 | E43: 0.93 | F43: 0.0050839317 | G43: 1.802 | H43: =D43*F43 -> 0.59224144 | I43: =IF(G43="","",D43*1000000/Inputs!$B$4^2*Inputs!$B$5/G43) -> 0.32851426 | J43: =IF(C43="A",Inputs!$B$7,IF(C43="B",Inputs!$B$8,IF(C43="C",Inputs!$B$9,0))) -> 1 | K43: =IF(AND(E43<>"",G43<>"",J43>0),IF(I43>=Inputs!$B$6,1,0),0) -> 0 | L43: 0 | M43: 116.5127 | N43: 0.592 | O43: ok | P43: =IF(K43=1,J43/G43^2,0) -> 0 | Q43: =IF(K43=1,((E43-Result!$B$7*D43)/G43)^2,0) -> 0
A44: Maclear, Cape 1837–48 | B44: Drie Fontein - East End of Base - K. F. Contre Berg | C44: A | D44: 211.7581 | E44: 1.13 | F44: 0.0050839003 | G44: 1.802 | H44: =D44*F44 -> 1.0765571 | I44: =IF(G44="","",D44*1000000/Inputs!$B$4^2*Inputs!$B$5/G44) -> 0.59716613 | J44: =IF(C44="A",Inputs!$B$7,IF(C44="B",Inputs!$B$8,IF(C44="C",Inputs!$B$9,0))) -> 1 | K44: =IF(AND(E44<>"",G44<>"",J44>0),IF(I44>=Inputs!$B$6,1,0),0) -> 0 | L44: 0 | M44: 211.7965 | N44: 1.077 | O44: ok | P44: =IF(K44=1,J44/G44^2,0) -> 0 | Q44: =IF(K44=1,((E44-Result!$B$7*D44)/G44)^2,0) -> 0
A45: Maclear, Cape 1837–48 | B45: Zwart Berg - East End of Base - Drie Fontein | C45: A | D45: 299.5155 | E45: 0.55 | F45: 0.0050840302 | G45: 1.802 | H45: =D45*F45 -> 1.5227458 | I45: =IF(G45="","",D45*1000000/Inputs!$B$4^2*Inputs!$B$5/G45) -> 0.84464543 | J45: =IF(C45="A",Inputs!$B$7,IF(C45="B",Inputs!$B$8,IF(C45="C",Inputs!$B$9,0))) -> 1 | K45: =IF(AND(E45<>"",G45<>"",J45>0),IF(I45>=Inputs!$B$6,1,0),0) -> 0 | L45: 0 | M45: 299.5683 | N45: 1.523 | O45: ok | P45: =IF(K45=1,J45/G45^2,0) -> 0 | Q45: =IF(K45=1,((E45-Result!$B$7*D45)/G45)^2,0) -> 0
A46: Maclear, Cape 1837–48 | B46: Riebeek's Kasteel - Zwart Berg - East End of Base | C46: A | D46: 401.8524 | E46: 2.01 | F46: 0.0050840329 | G46: 1.802 | H46: =D46*F46 -> 2.0430308 | I46: =IF(G46="","",D46*1000000/Inputs!$B$4^2*Inputs!$B$5/G46) -> 1.1332395 | J46: =IF(C46="A",Inputs!$B$7,IF(C46="B",Inputs!$B$8,IF(C46="C",Inputs!$B$9,0))) -> 1 | K46: =IF(AND(E46<>"",G46<>"",J46>0),IF(I46>=Inputs!$B$6,1,0),0) -> 0 | L46: 0 | M46: 401.9238 | N46: 2.043 | O46: ok | P46: =IF(K46=1,J46/G46^2,0) -> 0 | Q46: =IF(K46=1,((E46-Result!$B$7*D46)/G46)^2,0) -> 0
A47: Maclear, Cape 1837–48 | B47: Kapoc Berg - Zwart Berg - Riebeek's Kasteel | C47: A | D47: 719.9736 | E47: 4.27 | F47: 0.0050839651 | G47: 1.802 | H47: =D47*F47 -> 3.6603207 | I47: =IF(G47="","",D47*1000000/Inputs!$B$4^2*Inputs!$B$5/G47) -> 2.0303537 | J47: =IF(C47="A",Inputs!$B$7,IF(C47="B",Inputs!$B$8,IF(C47="C",Inputs!$B$9,0))) -> 1 | K47: =IF(AND(E47<>"",G47<>"",J47>0),IF(I47>=Inputs!$B$6,1,0),0) -> 1 | L47: 0 | M47: 720.1037 | N47: 3.661 | O47: ok | P47: =IF(K47=1,J47/G47^2,0) -> 0.30795725 | Q47: =IF(K47=1,((E47-Result!$B$7*D47)/G47)^2,0) -> 0.1228096
A48: Maclear, Cape 1837–48 | B48: Piket Berg - Zwart Berg - Kapoc Berg | C48: A | D48: 768.315 | E48: 0.83 | F48: 0.0050842025 | G48: 1.802 | H48: =D48*F48 -> 3.906269 | I48: =IF(G48="","",D48*1000000/Inputs!$B$4^2*Inputs!$B$5/G48) -> 2.1666784 | J48: =IF(C48="A",Inputs!$B$7,IF(C48="B",Inputs!$B$8,IF(C48="C",Inputs!$B$9,0))) -> 1 | K48: =IF(AND(E48<>"",G48<>"",J48>0),IF(I48>=Inputs!$B$6,1,0),0) -> 1 | L48: 0 | M48: 768.4592 | N48: 3.907 | O48: ok | P48: =IF(K48=1,J48/G48^2,0) -> 0.30795725 | Q48: =IF(K48=1,((E48-Result!$B$7*D48)/G48)^2,0) -> 2.8700433
A49: Maclear, Cape 1837–48 | B49: Piket Berg - Kapoc Berg - Riebeek's Kasteel | C49: A | D49: 1576.1927 | E49: 8.97 | F49: 0.0050840956 | G49: 1.802 | H49: =D49*F49 -> 8.0135144 | I49: =IF(G49="","",D49*1000000/Inputs!$B$4^2*Inputs!$B$5/G49) -> 4.4449251 | J49: =IF(C49="A",Inputs!$B$7,IF(C49="B",Inputs!$B$8,IF(C49="C",Inputs!$B$9,0))) -> 1 | K49: =IF(AND(E49<>"",G49<>"",J49>0),IF(I49>=Inputs!$B$6,1,0),0) -> 1 | L49: 0 | M49: 1576.4926 | N49: 8.014 | O49: ok | P49: =IF(K49=1,J49/G49^2,0) -> 0.30795725 | Q49: =IF(K49=1,((E49-Result!$B$7*D49)/G49)^2,0) -> 0.31070677
A50: Maclear, Cape 1837–48 | B50: Patrys Berg - Zwart Berg - Kapoc Berg | C50: A | D50: 1503.2427 | E50: 6.25 | F50: 0.0050841498 | G50: 1.802 | H50: =D50*F50 -> 7.6427111 | I50: =IF(G50="","",D50*1000000/Inputs!$B$4^2*Inputs!$B$5/G50) -> 4.2392033 | J50: =IF(C50="A",Inputs!$B$7,IF(C50="B",Inputs!$B$8,IF(C50="C",Inputs!$B$9,0))) -> 1 | K50: =IF(AND(E50<>"",G50<>"",J50>0),IF(I50>=Inputs!$B$6,1,0),0) -> 1 | L50: 0 | M50: 1503.5214 | N50: 7.644 | O50: ok | P50: =IF(K50=1,J50/G50^2,0) -> 0.30795725 | Q50: =IF(K50=1,((E50-Result!$B$7*D50)/G50)^2,0) -> 0.55866177
A51: Maclear, Cape 1837–48 | B51: Patrys Berg - Piket Berg - Zwart Berg | C51: A | D51: 1031.6641 | E51: 3.95 | F51: 0.0050844119 | G51: 1.802 | H51: =D51*F51 -> 5.2454052 | I51: =IF(G51="","",D51*1000000/Inputs!$B$4^2*Inputs!$B$5/G51) -> 2.9093331 | J51: =IF(C51="A",Inputs!$B$7,IF(C51="B",Inputs!$B$8,IF(C51="C",Inputs!$B$9,0))) -> 1 | K51: =IF(AND(E51<>"",G51<>"",J51>0),IF(I51>=Inputs!$B$6,1,0),0) -> 1 | L51: 0 | M51: 1031.8504 | N51: 5.246 | O51: ok | P51: =IF(K51=1,J51/G51^2,0) -> 0.30795725 | Q51: =IF(K51=1,((E51-Result!$B$7*D51)/G51)^2,0) -> 0.49177458
A52: Maclear, Cape 1837–48 | B52: Patrys Berg - Kapoc Berg - Piket Berg | C52: A | D52: 1766.5832 | E52: 9.37 | F52: 0.00508428 | G52: 1.802 | H52: =D52*F52 -> 8.9818036 | I52: =IF(G52="","",D52*1000000/Inputs!$B$4^2*Inputs!$B$5/G52) -> 4.9818338 | J52: =IF(C52="A",Inputs!$B$7,IF(C52="B",Inputs!$B$8,IF(C52="C",Inputs!$B$9,0))) -> 1 | K52: =IF(AND(E52<>"",G52<>"",J52>0),IF(I52>=Inputs!$B$6,1,0),0) -> 1 | L52: 0 | M52: 1766.9125 | N52: 8.983 | O52: ok | P52: =IF(K52=1,J52/G52^2,0) -> 0.30795725 | Q52: =IF(K52=1,((E52-Result!$B$7*D52)/G52)^2,0) -> 0.060241343
... A104: Maclear, Cape 1837–48 | B104: Meridian Mark - Cape Point - Sneeuw Kop | C104: A | D104: 1556.4254 | E104: 9.17 | F104: 0.0050831183 | G104: 1.802 | H104: =D104*F104 -> 7.9114944 | I104: =IF(G104="","",D104*1000000/Inputs!$B$4^2*Inputs!$B$5/G104) -> 4.3891805 | J104: =IF(C104="A",Inputs!$B$7,IF(C104="B",Inputs!$B$8,IF(C104="C",Inputs!$B$9,0))) -> 1 | K104: =IF(AND(E104<>"",G104<>"",J104>0),IF(I104>=Inputs!$B$6,1,0),0) -> 1 | L104: 1 | M104: 1556.7176 | N104: 7.913 | O104: ok | P104: =IF(K104=1,J104/G104^2,0) -> 0.30795725 | Q104: =IF(K104=1,((E104-Result!$B$7*D104)/G104)^2,0) -> 0.52393775
A105: England OS 1787–96 | B105: Dover Castle - Padlesworth - Fairlight Down | D105: 135.1135 | F105: 0.005063276 | G105: 1.4901 | H105: =D105*F105 -> 0.68411694 | I105: =IF(G105="","",D105*1000000/Inputs!$B$4^2*Inputs!$B$5/G105) -> 0.46077961 | J105: =IF(C105="A",Inputs!$B$7,IF(C105="B",Inputs!$B$8,IF(C105="C",Inputs!$B$9,0))) -> 0 | K105: =IF(AND(E105<>"",G105<>"",J105>0),IF(I105>=Inputs!$B$6,1,0),0) -> 0 | L105: 0 | M105: 135.1135 | N105: 0.69 | O105: ok | P105: =IF(K105=1,J105/G105^2,0) -> 0 | Q105: =IF(K105=1,((E105-Result!$B$7*D105)/G105)^2,0) -> 0
A106: England OS 1787–96 | B106: Chanctonbury Ring - Leith Hill - Ditchling Beacon | C106: B | D106: 300.7799 | E106: 3.25 | F106: 0.0050633326 | G106: 1.4901 | H106: =D106*F106 -> 1.5229487 | I106: =IF(G106="","",D106*1000000/Inputs!$B$4^2*Inputs!$B$5/G106) -> 1.0257542 | J106: =IF(C106="A",Inputs!$B$7,IF(C106="B",Inputs!$B$8,IF(C106="C",Inputs!$B$9,0))) -> 0.5 | K106: =IF(AND(E106<>"",G106<>"",J106>0),IF(I106>=Inputs!$B$6,1,0),0) -> 0 | L106: 0 | M106: 299.7231 | N106: 1.5 | O106: ok | P106: =IF(K106=1,J106/G106^2,0) -> 0 | Q106: =IF(K106=1,((E106-Result!$B$7*D106)/G106)^2,0) -> 0
A107: England OS 1787–96 | B107: Rook's Hill - Chanctonbury Ring - Hind Head | C107: B | D107: 323.41 | E107: 0.75 | F107: 0.0050633599 | G107: 1.4901 | H107: =D107*F107 -> 1.6375412 | I107: =IF(G107="","",D107*1000000/Inputs!$B$4^2*Inputs!$B$5/G107) -> 1.10293 | J107: =IF(C107="A",Inputs!$B$7,IF(C107="B",Inputs!$B$8,IF(C107="C",Inputs!$B$9,0))) -> 0.5 | K107: =IF(AND(E107<>"",G107<>"",J107>0),IF(I107>=Inputs!$B$6,1,0),0) -> 0 | L107: 0 | M107: 322.3379 | N107: 1.6 | O107: ok | P107: =IF(K107=1,J107/G107^2,0) -> 0 | Q107: =IF(K107=1,((E107-Result!$B$7*D107)/G107)^2,0) -> 0
A108: England OS 1787–96 | B108: Dunnose - Butser Hill - Rook's Hill | C108: B | D108: 392.2996 | E108: -1.5 | F108: 0.0050635211 | G108: 1.4901 | H108: =D108*F108 -> 1.9864173 | I108: =IF(G108="","",D108*1000000/Inputs!$B$4^2*Inputs!$B$5/G108) -> 1.3378653 | J108: =IF(C108="A",Inputs!$B$7,IF(C108="B",Inputs!$B$8,IF(C108="C",Inputs!$B$9,0))) -> 0.5 | K108: =IF(AND(E108<>"",G108<>"",J108>0),IF(I108>=Inputs!$B$6,1,0),0) -> 0 | L108: 0 | M108: 390.9437 | N108: 1.96 | O108: ok | P108: =IF(K108=1,J108/G108^2,0) -> 0 | Q108: =IF(K108=1,((E108-Result!$B$7*D108)/G108)^2,0) -> 0
A109: England OS 1787–96 | B109: Dunnose - Butser Hill - Dean Hill | C109: B | D109: 990.1015 | E109: 1.25 | F109: 0.0050634674 | G109: 1.4901 | H109: =D109*F109 -> 5.0133466 | I109: =IF(G109="","",D109*1000000/Inputs!$B$4^2*Inputs!$B$5/G109) -> 3.3765581 | J109: =IF(C109="A",Inputs!$B$7,IF(C109="B",Inputs!$B$8,IF(C109="C",Inputs!$B$9,0))) -> 0.5 | K109: =IF(AND(E109<>"",G109<>"",J109>0),IF(I109>=Inputs!$B$6,1,0),0) -> 1 | L109: 0 | M109: 986.6 | N109: 5 | O109: ok | P109: =IF(K109=1,J109/G109^2,0) -> 0.22518485 | Q109: =IF(K109=1,((E109-Result!$B$7*D109)/G109)^2,0) -> 6.3456208
A110: England OS 1787–96 | B110: Dunnose - Dean Hill - Nine Barrow Down | C110: B | D110: 1284.5089 | E110: 6 | F110: 0.0050636007 | G110: 1.4901 | H110: =D110*F110 -> 6.5042401 | I110: =IF(G110="","",D110*1000000/Inputs!$B$4^2*Inputs!$B$5/G110) -> 4.3805801 | J110: =IF(C110="A",Inputs!$B$7,IF(C110="B",Inputs!$B$8,IF(C110="C",Inputs!$B$9,0))) -> 0.5 | K110: =IF(AND(E110<>"",G110<>"",J110>0),IF(I110>=Inputs!$B$6,1,0),0) -> 1 | L110: 0 | M110: 1280.1288 | N110: 6.5 | O110: ok | P110: =IF(K110=1,J110/G110^2,0) -> 0.22518485 | Q110: =IF(K110=1,((E110-Result!$B$7*D110)/G110)^2,0) -> 0.10878546
A111: England OS 1787–96 | B111: Nine Barrow Down - Wingreen - Dean Hill | C111: B | D111: 641.6454 | E111: 2 | F111: 0.0050634584 | G111: 1.4901 | H111: =D111*F111 -> 3.2489448 | I111: =IF(G111="","",D111*1000000/Inputs!$B$4^2*Inputs!$B$5/G111) -> 2.188213 | J111: =IF(C111="A",Inputs!$B$7,IF(C111="B",Inputs!$B$8,IF(C111="C",Inputs!$B$9,0))) -> 0.5 | K111: =IF(AND(E111<>"",G111<>"",J111>0),IF(I111>=Inputs!$B$6,1,0),0) -> 1 | L111: 0 | M111: 639.1542 | N111: 3.24 | O111: ok | P111: =IF(K111=1,J111/G111^2,0) -> 0.22518485 | Q111: =IF(K111=1,((E111-Result!$B$7*D111)/G111)^2,0) -> 0.69546179
A112: England OS 1787–96 | B112: Beachy Head - Ditchling Beacon - Brightling | C112: B | D112: 392.3642 | E112: -0.5 | F112: 0.0050634765 | G112: 1.4901 | H112: =D112*F112 -> 1.9867269 | I112: =IF(G112="","",D112*1000000/Inputs!$B$4^2*Inputs!$B$5/G112) -> 1.3380856 | J112: =IF(C112="A",Inputs!$B$7,IF(C112="B",Inputs!$B$8,IF(C112="C",Inputs!$B$9,0))) -> 0.5 | K112: =IF(AND(E112<>"",G112<>"",J112>0),IF(I112>=Inputs!$B$6,1,0),0) -> 0 | L112: 0 | M112: 391.0477 | N112: 2 | O112: ok | P112: =IF(K112=1,J112/G112^2,0) -> 0 | Q112: =IF(K112=1,((E112-Result!$B$7*D112)/G112)^2,0) -> 0
A113: England OS 1787–96 | B113: Fairlight Down - Brightling - Beachy Head | C113: B | D113: 251.5821 | E113: 0 | F113: 0.005063486 | G113: 1.4901 | H113: =D113*F113 -> 1.2738824 | I113: =IF(G113="","",D113*1000000/Inputs!$B$4^2*Inputs!$B$5/G113) -> 0.85797424 | J113: =IF(C113="A",Inputs!$B$7,IF(C113="B",Inputs!$B$8,IF(C113="C",Inputs!$B$9,0))) -> 0.5 | K113: =IF(AND(E113<>"",G113<>"",J113>0),IF(I113>=Inputs!$B$6,1,0),0) -> 0 | L113: 0 | M113: 250.7684 | N113: 1.28 | O113: ok | P113: =IF(K113=1,J113/G113^2,0) -> 0 | Q113: =IF(K113=1,((E113-Result!$B$7*D113)/G113)^2,0) -> 0
A114: England OS 1787–96 | B114: Dunnose - Rook's Hill - Chanctonbury Ring | C114: B | D114: 387.4638 | E114: 1.5 | F114: 0.0050635525 | G114: 1.4901 | H114: =D114*F114 -> 1.9619433 | I114: =IF(G114="","",D114*1000000/Inputs!$B$4^2*Inputs!$B$5/G114) -> 1.3213736 | J114: =IF(C114="A",Inputs!$B$7,IF(C114="B",Inputs!$B$8,IF(C114="C",Inputs!$B$9,0))) -> 0.5 | K114: =IF(AND(E114<>"",G114<>"",J114>0),IF(I114>=Inputs!$B$6,1,0),0) -> 0 | L114: 0 | M114: 386.0446 | N114: 1.96 | O114: ok | P114: =IF(K114=1,J114/G114^2,0) -> 0 | Q114: =IF(K114=1,((E114-Result!$B$7*D114)/G114)^2,0) -> 0
A115: England OS 1787–96 | B115: Beachy Head - Rook's Hill - Chanctonbury Ring | C115: B | D115: 234.8898 | E115: 1 | F115: 0.0050635055 | G115: 1.4901 | H115: =D115*F115 -> 1.1893658 | I115: =IF(G115="","",D115*1000000/Inputs!$B$4^2*Inputs!$B$5/G115) -> 0.80104823 | J115: =IF(C115="A",Inputs!$B$7,IF(C115="B",Inputs!$B$8,IF(C115="C",Inputs!$B$9,0))) -> 0.5 | K115: =IF(AND(E115<>"",G115<>"",J115>0),IF(I115>=Inputs!$B$6,1,0),0) -> 0 | L115: 0 | M115: 234.1795 | N115: 1.19 | O115: ok | P115: =IF(K115=1,J115/G115^2,0) -> 0 | Q115: =IF(K115=1,((E115-Result!$B$7*D115)/G115)^2,0) -> 0
A116: England OS 1787–96 | B116: Beachy Head - Ditchling Beacon - Chanctonbury Ring | C116: C | D116: 179.9272 | E116: 4.25 | F116: 0.0050635018 | G116: 1.4901 | H116: =D116*F116 -> 0.9110617 | I116: =IF(G116="","",D116*1000000/Inputs!$B$4^2*Inputs!$B$5/G116) -> 0.61360845 | J116: =IF(C116="A",Inputs!$B$7,IF(C116="B",Inputs!$B$8,IF(C116="C",Inputs!$B$9,0))) -> 0.25 | K116: =IF(AND(E116<>"",G116<>"",J116>0),IF(I116>=Inputs!$B$6,1,0),0) -> 0 | L116: 0 | M116: 179.9272 | N116: 0.9 | O116: ok | P116: =IF(K116=1,J116/G116^2,0) -> 0 | Q116: =IF(K116=1,((E116-Result!$B$7*D116)/G116)^2,0) -> 0
A117: England OS 1787–96 | B117: Beachy Head - Rook's Hill - Dunnose | C117: B | D117: 1337.7913 | E117: 5.5 | F117: 0.0050636134 | G117: 1.4901 | H117: =D117*F117 -> 6.774058 | I117: =IF(G117="","",D117*1000000/Inputs!$B$4^2*Inputs!$B$5/G117) -> 4.5622899 | J117: =IF(C117="A",Inputs!$B$7,IF(C117="B",Inputs!$B$8,IF(C117="C",Inputs!$B$9,0))) -> 0.5 | K117: =IF(AND(E117<>"",G117<>"",J117>0),IF(I117>=Inputs!$B$6,1,0),0) -> 1 | L117: 0 | M117: 1332.9905 | N117: 6.77 | O117: ok | P117: =IF(K117=1,J117/G117^2,0) -> 0.22518485 | Q117: =IF(K117=1,((E117-Result!$B$7*D117)/G117)^2,0) -> 0.7158534
... A121: England OS 1787–96 | B121: Mintern - Bull Barrow - Black Down | C121: B | D121: 115.9025 | E121: 2 | F121: 0.0050635614 | G121: 1.4901 | H121: =D121*F121 -> 0.58687943 | I121: =IF(G121="","",D121*1000000/Inputs!$B$4^2*Inputs!$B$5/G121) -> 0.39526405 | J121: =IF(C121="A",Inputs!$B$7,IF(C121="B",Inputs!$B$8,IF(C121="C",Inputs!$B$9,0))) -> 0.5 | K121: =IF(AND(E121<>"",G121<>"",J121>0),IF(I121>=Inputs!$B$6,1,0),0) -> 0 | L121: 0 | M121: 115.5394 | N121: 0.59 | O121: ok | P121: =IF(K121=1,J121/G121^2,0) -> 0 | Q121: =IF(K121=1,((E121-Result!$B$7*D121)/G121)^2,0) -> 0
A122: England OS 1787–96 | B122: Pilsden - Mintern - Black Down | C122: B | D122: 201.8309 | E122: 1 | F122: 0.0050635779 | G122: 1.4901 | H122: =D122*F122 -> 1.0219865 | I122: =IF(G122="","",D122*1000000/Inputs!$B$4^2*Inputs!$B$5/G122) -> 0.68830697 | J122: =IF(C122="A",Inputs!$B$7,IF(C122="B",Inputs!$B$8,IF(C122="C",Inputs!$B$9,0))) -> 0.5 | K122: =IF(AND(E122<>"",G122<>"",J122>0),IF(I122>=Inputs!$B$6,1,0),0) -> 0 | L122: 0 | M122: 201.2187 | O122: ok | P122: =IF(K122=1,J122/G122^2,0) -> 0 | Q122: =IF(K122=1,((E122-Result!$B$7*D122)/G122)^2,0) -> 0
A123: England OS 1787–96 | B123: Charton Common - Black Down - Pilsden | C123: B | D123: 174.234 | E123: -1.5 | F123: 0.0050636282 | G123: 1.4901 | H123: =D123*F123 -> 0.88225619 | I123: =IF(G123="","",D123*1000000/Inputs!$B$4^2*Inputs!$B$5/G123) -> 0.59419284 | J123: =IF(C123="A",Inputs!$B$7,IF(C123="B",Inputs!$B$8,IF(C123="C",Inputs!$B$9,0))) -> 0.5 | K123: =IF(AND(E123<>"",G123<>"",J123>0),IF(I123>=Inputs!$B$6,1,0),0) -> 0 | L123: 0 | M123: 173.7751 | N123: 0.88 | O123: ok | P123: =IF(K123=1,J123/G123^2,0) -> 0 | Q123: =IF(K123=1,((E123-Result!$B$7*D123)/G123)^2,0) -> 0
A124: England OS 1787–96 | B124: Dumpdon - Pilsden - Charton Common | C124: C | D124: 307.4871 | E124: 1.25 | F124: 0.0050635728 | G124: 1.4901 | H124: =D124*F124 -> 1.5569833 | I124: =IF(G124="","",D124*1000000/Inputs!$B$4^2*Inputs!$B$5/G124) -> 1.0486279 | J124: =IF(C124="A",Inputs!$B$7,IF(C124="B",Inputs!$B$8,IF(C124="C",Inputs!$B$9,0))) -> 0.25 | K124: =IF(AND(E124<>"",G124<>"",J124>0),IF(I124>=Inputs!$B$6,1,0),0) -> 0 | L124: 0 | M124: 307.4871 | N124: 0.66 | O124: ok | P124: =IF(K124=1,J124/G124^2,0) -> 0 | Q124: =IF(K124=1,((E124-Result!$B$7*D124)/G124)^2,0) -> 0
A125: England OS 1787–96 | B125: Little Haldon - Charton Common - Dumpdon | C125: C | D125: 637.0855 | E125: 1 | F125: 0.0050636659 | G125: 1.4901 | H125: =D125*F125 -> 3.2259881 | I125: =IF(G125="","",D125*1000000/Inputs!$B$4^2*Inputs!$B$5/G125) -> 2.1726623 | J125: =IF(C125="A",Inputs!$B$7,IF(C125="B",Inputs!$B$8,IF(C125="C",Inputs!$B$9,0))) -> 0.25 | K125: =IF(AND(E125<>"",G125<>"",J125>0),IF(I125>=Inputs!$B$6,1,0),0) -> 1 | L125: 0 | M125: 637.0855 | N125: 0.66 | O125: ok | P125: =IF(K125=1,J125/G125^2,0) -> 0.11259243 | Q125: =IF(K125=1,((E125-Result!$B$7*D125)/G125)^2,0) -> 2.2188323
A126: England OS 1787–96 | B126: Cawsand Beacon - Dumpdon - Little Haldon | C126: C | D126: 333.148 | E126: 2.25 | F126: 0.0050636697 | G126: 1.4901 | H126: =D126*F126 -> 1.6869514 | I126: =IF(G126="","",D126*1000000/Inputs!$B$4^2*Inputs!$B$5/G126) -> 1.1361397 | J126: =IF(C126="A",Inputs!$B$7,IF(C126="B",Inputs!$B$8,IF(C126="C",Inputs!$B$9,0))) -> 0.25 | K126: =IF(AND(E126<>"",G126<>"",J126>0),IF(I126>=Inputs!$B$6,1,0),0) -> 0 | L126: 0 | M126: 333.148 | N126: 3.12 | O126: ok | P126: =IF(K126=1,J126/G126^2,0) -> 0 | Q126: =IF(K126=1,((E126-Result!$B$7*D126)/G126)^2,0) -> 0
A127: England OS 1787–96 | B127: Rippin Tor - Cawsand Beacon - Little Haldon | C127: B | D127: 136.4122 | E127: 3.25 | F127: 0.005063772 | G127: 1.4901 | H127: =D127*F127 -> 0.69076028 | I127: =IF(G127="","",D127*1000000/Inputs!$B$4^2*Inputs!$B$5/G127) -> 0.46520859 | J127: =IF(C127="A",Inputs!$B$7,IF(C127="B",Inputs!$B$8,IF(C127="C",Inputs!$B$9,0))) -> 0.5 | K127: =IF(AND(E127<>"",G127<>"",J127>0),IF(I127>=Inputs!$B$6,1,0),0) -> 0 | L127: 0 | M127: 135.5036 | N127: 0.69 | O127: ok | P127: =IF(K127=1,J127/G127^2,0) -> 0 | Q127: =IF(K127=1,((E127-Result!$B$7*D127)/G127)^2,0) -> 0
A128: England OS 1787–96 | B128: Furland - Little Haldon - Rippin Tor | C128: B | D128: 188.547 | E128: 0.75 | F128: 0.005063904 | G128: 1.4901 | H128: =D128*F128 -> 0.95478391 | I128: =IF(G128="","",D128*1000000/Inputs!$B$4^2*Inputs!$B$5/G128) -> 0.64300468 | J128: =IF(C128="A",Inputs!$B$7,IF(C128="B",Inputs!$B$8,IF(C128="C",Inputs!$B$9,0))) -> 0.5 | K128: =IF(AND(E128<>"",G128<>"",J128>0),IF(I128>=Inputs!$B$6,1,0),0) -> 0 | L128: 0 | M128: 187.8656 | N128: 0.96 | O128: ok | P128: =IF(K128=1,J128/G128^2,0) -> 0 | Q128: =IF(K128=1,((E128-Result!$B$7*D128)/G128)^2,0) -> 0
A129: England OS 1787–96 | B129: Furland - Rippin Tor - Butterton Hill | C129: B | D129: 226.8212 | E129: 1.25 | F129: 0.0050639642 | G129: 1.4901 | H129: =D129*F129 -> 1.1486144 | I129: =IF(G129="","",D129*1000000/Inputs!$B$4^2*Inputs!$B$5/G129) -> 0.77353176 | J129: =IF(C129="A",Inputs!$B$7,IF(C129="B",Inputs!$B$8,IF(C129="C",Inputs!$B$9,0))) -> 0.5 | K129: =IF(AND(E129<>"",G129<>"",J129>0),IF(I129>=Inputs!$B$6,1,0),0) -> 0 | L129: 0 | M129: 225.8886 | N129: 1.15 | O129: ok | P129: =IF(K129=1,J129/G129^2,0) -> 0 | Q129: =IF(K129=1,((E129-Result!$B$7*D129)/G129)^2,0) -> 0
A130: England OS 1787–96 | B130: Bolt Head - Furland - Butterton Hill | C130: B | D130: 243.3204 | E130: 2.25 | F130: 0.0050640986 | G130: 1.4901 | H130: =D130*F130 -> 1.2321985 | I130: =IF(G130="","",D130*1000000/Inputs!$B$4^2*Inputs!$B$5/G130) -> 0.82979923 | J130: =IF(C130="A",Inputs!$B$7,IF(C130="B",Inputs!$B$8,IF(C130="C",Inputs!$B$9,0))) -> 0.5 | K130: =IF(AND(E130<>"",G130<>"",J130>0),IF(I130>=Inputs!$B$6,1,0),0) -> 0 | L130: 0 | M130: 242.3043 | N130: 1.23 | O130: ok | P130: =IF(K130=1,J130/G130^2,0) -> 0 | Q130: =IF(K130=1,((E130-Result!$B$7*D130)/G130)^2,0) -> 0
A131: England OS 1787–96 | B131: Maker Heights - Bolt Head - Butterton Hill | C131: B | D131: 254.2611 | E131: -0.5 | F131: 0.0050641084 | G131: 1.4901 | H131: =D131*F131 -> 1.2876058 | I131: =IF(G131="","",D131*1000000/Inputs!$B$4^2*Inputs!$B$5/G131) -> 0.86711047 | J131: =IF(C131="A",Inputs!$B$7,IF(C131="B",Inputs!$B$8,IF(C131="C",Inputs!$B$9,0))) -> 0.5 | K131: =IF(AND(E131<>"",G131<>"",J131>0),IF(I131>=Inputs!$B$6,1,0),0) -> 0 | L131: 0 | M131: 253.4465 | N131: 1.29 | O131: ok | P131: =IF(K131=1,J131/G131^2,0) -> 0 | Q131: =IF(K131=1,((E131-Result!$B$7*D131)/G131)^2,0) -> 0
A132: England OS 1787–96 | B132: Maker Heights - Butterton Hill - Carraton Hill | C132: B | D132: 268.9434 | E132: 0.5 | F132: 0.0050639953 | G132: 1.4901 | H132: =D132*F132 -> 1.3619281 | I132: =IF(G132="","",D132*1000000/Inputs!$B$4^2*Inputs!$B$5/G132) -> 0.91718174 | J132: =IF(C132="A",Inputs!$B$7,IF(C132="B",Inputs!$B$8,IF(C132="C",Inputs!$B$9,0))) -> 0.5 | K132: =IF(AND(E132<>"",G132<>"",J132>0),IF(I132>=Inputs!$B$6,1,0),0) -> 0 | L132: 0 | M132: 268.0684 | N132: 1.36 | O132: ok | P132: =IF(K132=1,J132/G132^2,0) -> 0 | Q132: =IF(K132=1,((E132-Result!$B$7*D132)/G132)^2,0) -> 0
A133: England OS 1787–96 | B133: Lansallos - Maker Heights - Carraton Hill | C133: B | D133: 243.8223 | E133: 0.75 | F133: 0.0050640235 | G133: 1.4901 | H133: =D133*F133 -> 1.2347219 | I133: =IF(G133="","",D133*1000000/Inputs!$B$4^2*Inputs!$B$5/G133) -> 0.83151087 | J133: =IF(C133="A",Inputs!$B$7,IF(C133="B",Inputs!$B$8,IF(C133="C",Inputs!$B$9,0))) -> 0.5 | K133: =IF(AND(E133<>"",G133<>"",J133>0),IF(I133>=Inputs!$B$6,1,0),0) -> 0 | L133: 0 | M133: 242.9314 | N133: 1.24 | O133: ok | P133: =IF(K133=1,J133/G133^2,0) -> 0 | Q133: =IF(K133=1,((E133-Result!$B$7*D133)/G133)^2,0) -> 0
A134: England OS 1787–96 | B134: Kit Hill - Butterton Hill - Maker Heights | C134: B | D134: 238.6563 | E134: 0 | F134: 0.0050639923 | G134: 1.4901 | H134: =D134*F134 -> 1.2085537 | I134: =IF(G134="","",D134*1000000/Inputs!$B$4^2*Inputs!$B$5/G134) -> 0.81389318 | J134: =IF(C134="A",Inputs!$B$7,IF(C134="B",Inputs!$B$8,IF(C134="C",Inputs!$B$9,0))) -> 0.5 | K134: =IF(AND(E134<>"",G134<>"",J134>0),IF(I134>=Inputs!$B$6,1,0),0) -> 0 | L134: 0 | M134: 237.8476 | N134: 1.21 | O134: ok | P134: =IF(K134=1,J134/G134^2,0) -> 0 | Q134: =IF(K134=1,((E134-Result!$B$7*D134)/G134)^2,0) -> 0
... A147: England OS 1787–96 | B147: Sennen - St. Buryan - Pertinney | C147: B | D147: 10.8118 | E147: 1.25 | F147: 0.0050643917 | G147: 1.4901 | H147: =D147*F147 -> 0.05475519 | I147: =IF(G147="","",D147*1000000/Inputs!$B$4^2*Inputs!$B$5/G147) -> 0.036871645 | J147: =IF(C147="A",Inputs!$B$7,IF(C147="B",Inputs!$B$8,IF(C147="C",Inputs!$B$9,0))) -> 0.5 | K147: =IF(AND(E147<>"",G147<>"",J147>0),IF(I147>=Inputs!$B$6,1,0),0) -> 0 | L147: 0 | M147: 10.7652 | N147: 0.08 | O147: ok | P147: =IF(K147=1,J147/G147^2,0) -> 0 | Q147: =IF(K147=1,((E147-Result!$B$7*D147)/G147)^2,0) -> 0
A148: England OS 1787–96 | B148: Nine Barrow Down - Black Down - Dean Hill | D148: 915.3219 | F148: 0.0050635741 | G148: 1.4901 | H148: =D148*F148 -> 4.6348003 | I148: =IF(G148="","",D148*1000000/Inputs!$B$4^2*Inputs!$B$5/G148) -> 3.1215361 | J148: =IF(C148="A",Inputs!$B$7,IF(C148="B",Inputs!$B$8,IF(C148="C",Inputs!$B$9,0))) -> 0 | K148: =IF(AND(E148<>"",G148<>"",J148>0),IF(I148>=Inputs!$B$6,1,0),0) -> 0 | L148: 0 | M148: 915.3219 | O148: ok | P148: =IF(K148=1,J148/G148^2,0) -> 0 | Q148: =IF(K148=1,((E148-Result!$B$7*D148)/G148)^2,0) -> 0
A149: England OS 1787–96 | B149: Dean Hill - Black Down - Dunnose | D149: 2050.5429 | F149: 0.0050635802 | G149: 1.4901 | H149: =D149*F149 -> 10.383088 | I149: =IF(G149="","",D149*1000000/Inputs!$B$4^2*Inputs!$B$5/G149) -> 6.9929974 | J149: =IF(C149="A",Inputs!$B$7,IF(C149="B",Inputs!$B$8,IF(C149="C",Inputs!$B$9,0))) -> 0 | K149: =IF(AND(E149<>"",G149<>"",J149>0),IF(I149>=Inputs!$B$6,1,0),0) -> 0 | L149: 0 | M149: 2050.5429 | O149: ok | P149: =IF(K149=1,J149/G149^2,0) -> 0 | Q149: =IF(K149=1,((E149-Result!$B$7*D149)/G149)^2,0) -> 0
A150: Europe 52°N (Helmert) | B150: W41 Cassel - W42 Dünkirchen - W38 Nieuport | C150: A | D150: 392.6435 | E150: -0.52 | F150: 0.0050633364 | G150: 1.0788 | H150: =D150*F150 -> 1.9880861 | I150: =IF(G150="","",D150*1000000/Inputs!$B$4^2*Inputs!$B$5/G150) -> 1.8495556 | J150: =IF(C150="A",Inputs!$B$7,IF(C150="B",Inputs!$B$8,IF(C150="C",Inputs!$B$9,0))) -> 1 | K150: =IF(AND(E150<>"",G150<>"",J150>0),IF(I150>=Inputs!$B$6,1,0),0) -> 0 | L150: 0 | M150: 392.7371 | N150: 1.99 | O150: ok | P150: =IF(K150=1,J150/G150^2,0) -> 0 | Q150: =IF(K150=1,((E150-Result!$B$7*D150)/G150)^2,0) -> 0
A151: Europe 52°N (Helmert) | B151: W41 Cassel - W38 Nieuport - W40 Mont Kemmel | C151: A | D151: 442.5908 | E151: 1.91 | F151: 0.0050634358 | G151: 1.0788 | H151: =D151*F151 -> 2.2410301 | I151: =IF(G151="","",D151*1000000/Inputs!$B$4^2*Inputs!$B$5/G151) -> 2.0848335 | J151: =IF(C151="A",Inputs!$B$7,IF(C151="B",Inputs!$B$8,IF(C151="C",Inputs!$B$9,0))) -> 1 | K151: =IF(AND(E151<>"",G151<>"",J151>0),IF(I151>=Inputs!$B$6,1,0),0) -> 1 | L151: 0 | M151: 442.6965 | N151: 2.24 | O151: ok | P151: =IF(K151=1,J151/G151^2,0) -> 0.8592472 | Q151: =IF(K151=1,((E151-Result!$B$7*D151)/G151)^2,0) -> 0.091712456
A152: Europe 52°N (Helmert) | B152: W40 Mont Kemmel - W38 Nieuport - W36 Hooglede | C152: A | D152: 412.9345 | E152: 2.52 | F152: 0.0050633664 | G152: 1.0788 | H152: =D152*F152 -> 2.0908387 | I152: =IF(G152="","",D152*1000000/Inputs!$B$4^2*Inputs!$B$5/G152) -> 1.9451368 | J152: =IF(C152="A",Inputs!$B$7,IF(C152="B",Inputs!$B$8,IF(C152="C",Inputs!$B$9,0))) -> 1 | K152: =IF(AND(E152<>"",G152<>"",J152>0),IF(I152>=Inputs!$B$6,1,0),0) -> 0 | L152: 0 | M152: 413.0335 | N152: 2.09 | O152: ok | P152: =IF(K152=1,J152/G152^2,0) -> 0 | Q152: =IF(K152=1,((E152-Result!$B$7*D152)/G152)^2,0) -> 0
A153: Europe 52°N (Helmert) | B153: W36 Hooglede - W38 Nieuport - W34 Bruges | C153: A | D153: 375.7507 | E153: 2.42 | F153: 0.0050632002 | G153: 1.0788 | H153: =D153*F153 -> 1.902501 | I153: =IF(G153="","",D153*1000000/Inputs!$B$4^2*Inputs!$B$5/G153) -> 1.7699817 | J153: =IF(C153="A",Inputs!$B$7,IF(C153="B",Inputs!$B$8,IF(C153="C",Inputs!$B$9,0))) -> 1 | K153: =IF(AND(E153<>"",G153<>"",J153>0),IF(I153>=Inputs!$B$6,1,0),0) -> 0 | L153: 0 | M153: 375.84 | N153: 1.9 | O153: ok | P153: =IF(K153=1,J153/G153^2,0) -> 0 | Q153: =IF(K153=1,((E153-Result!$B$7*D153)/G153)^2,0) -> 0
A154: Europe 52°N (Helmert) | B154: W36 Hooglede - W34 Bruges - W33 Thielt | C154: A | D154: 206.2165 | E154: 0.73 | F154: 0.0050632506 | G154: 1.0788 | H154: =D154*F154 -> 1.0441258 | I154: =IF(G154="","",D154*1000000/Inputs!$B$4^2*Inputs!$B$5/G154) -> 0.97138725 | J154: =IF(C154="A",Inputs!$B$7,IF(C154="B",Inputs!$B$8,IF(C154="C",Inputs!$B$9,0))) -> 1 | K154: =IF(AND(E154<>"",G154<>"",J154>0),IF(I154>=Inputs!$B$6,1,0),0) -> 0 | L154: 0 | M154: 206.2652 | N154: 1.04 | O154: ok | P154: =IF(K154=1,J154/G154^2,0) -> 0 | Q154: =IF(K154=1,((E154-Result!$B$7*D154)/G154)^2,0) -> 0
A155: Europe 52°N (Helmert) | B155: W33 Thielt - W34 Bruges - W30 Gand | C155: A | D155: 346.1953 | E155: 1.1 | F155: 0.0050632216 | G155: 1.0788 | H155: =D155*F155 -> 1.7528635 | I155: =IF(G155="","",D155*1000000/Inputs!$B$4^2*Inputs!$B$5/G155) -> 1.6307604 | J155: =IF(C155="A",Inputs!$B$7,IF(C155="B",Inputs!$B$8,IF(C155="C",Inputs!$B$9,0))) -> 1 | K155: =IF(AND(E155<>"",G155<>"",J155>0),IF(I155>=Inputs!$B$6,1,0),0) -> 0 | L155: 0 | M155: 346.2787 | N155: 1.75 | O155: ok | P155: =IF(K155=1,J155/G155^2,0) -> 0 | Q155: =IF(K155=1,((E155-Result!$B$7*D155)/G155)^2,0) -> 0
A156: Europe 52°N (Helmert) | B156: W33 Thielt - W30 Gand - W32 Mont l'Enclus | C156: A | D156: 414.1713 | E156: -1.03 | F156: 0.0050633962 | G156: 1.0788 | H156: =D156*F156 -> 2.0971134 | I156: =IF(G156="","",D156*1000000/Inputs!$B$4^2*Inputs!$B$5/G156) -> 1.9509628 | J156: =IF(C156="A",Inputs!$B$7,IF(C156="B",Inputs!$B$8,IF(C156="C",Inputs!$B$9,0))) -> 1 | K156: =IF(AND(E156<>"",G156<>"",J156>0),IF(I156>=Inputs!$B$6,1,0),0) -> 0 | L156: 0 | M156: 414.2706 | N156: 2.1 | O156: ok | P156: =IF(K156=1,J156/G156^2,0) -> 0 | Q156: =IF(K156=1,((E156-Result!$B$7*D156)/G156)^2,0) -> 0
A157: Europe 52°N (Helmert) | B157: W32 Mont l'Enclus - W30 Gand - W31 Audenhoven | C157: A | D157: 281.2689 | E157: 1.81 | F157: 0.0050634603 | G157: 1.0788 | H157: =D157*F157 -> 1.4241939 | I157: =IF(G157="","",D157*1000000/Inputs!$B$4^2*Inputs!$B$5/G157) -> 1.3249232 | J157: =IF(C157="A",Inputs!$B$7,IF(C157="B",Inputs!$B$8,IF(C157="C",Inputs!$B$9,0))) -> 1 | K157: =IF(AND(E157<>"",G157<>"",J157>0),IF(I157>=Inputs!$B$6,1,0),0) -> 0 | L157: 0 | M157: 281.3357 | N157: 1.42 | O157: ok | P157: =IF(K157=1,J157/G157^2,0) -> 0 | Q157: =IF(K157=1,((E157-Result!$B$7*D157)/G157)^2,0) -> 0
A158: Europe 52°N (Helmert) | B158: W31 Audenhoven - W30 Gand - W29 Assche | C158: A | D158: 362.5163 | E158: 3.04 | F158: 0.0050634008 | G158: 1.0788 | H158: =D158*F158 -> 1.8355653 | I158: =IF(G158="","",D158*1000000/Inputs!$B$4^2*Inputs!$B$5/G158) -> 1.7076408 | J158: =IF(C158="A",Inputs!$B$7,IF(C158="B",Inputs!$B$8,IF(C158="C",Inputs!$B$9,0))) -> 1 | K158: =IF(AND(E158<>"",G158<>"",J158>0),IF(I158>=Inputs!$B$6,1,0),0) -> 0 | L158: 0 | M158: 362.6029 | N158: 1.84 | O158: ok | P158: =IF(K158=1,J158/G158^2,0) -> 0 | Q158: =IF(K158=1,((E158-Result!$B$7*D158)/G158)^2,0) -> 0
A159: Europe 52°N (Helmert) | B159: W29 Assche - W30 Gand - W28 Anvers | C159: A | D159: 680.8082 | E159: 5.69 | F159: 0.0050632515 | G159: 1.0788 | H159: =D159*F159 -> 3.4471031 | I159: =IF(G159="","",D159*1000000/Inputs!$B$4^2*Inputs!$B$5/G159) -> 3.2069616 | J159: =IF(C159="A",Inputs!$B$7,IF(C159="B",Inputs!$B$8,IF(C159="C",Inputs!$B$9,0))) -> 1 | K159: =IF(AND(E159<>"",G159<>"",J159>0),IF(I159>=Inputs!$B$6,1,0),0) -> 1 | L159: 0 | M159: 680.9725 | N159: 3.45 | O159: ok | P159: =IF(K159=1,J159/G159^2,0) -> 0.8592472 | Q159: =IF(K159=1,((E159-Result!$B$7*D159)/G159)^2,0) -> 4.3477167
A160: Europe 52°N (Helmert) | B160: W29 Assche - W28 Anvers - W27 Malines | C160: A | D160: 247.012 | E160: 2.08 | F160: 0.0050632609 | G160: 1.0788 | H160: =D160*F160 -> 1.2506862 | I160: =IF(G160="","",D160*1000000/Inputs!$B$4^2*Inputs!$B$5/G160) -> 1.1635553 | J160: =IF(C160="A",Inputs!$B$7,IF(C160="B",Inputs!$B$8,IF(C160="C",Inputs!$B$9,0))) -> 1 | K160: =IF(AND(E160<>"",G160<>"",J160>0),IF(I160>=Inputs!$B$6,1,0),0) -> 0 | L160: 0 | M160: 247.0717 | N160: 1.25 | O160: ok | P160: =IF(K160=1,J160/G160^2,0) -> 0 | Q160: =IF(K160=1,((E160-Result!$B$7*D160)/G160)^2,0) -> 0
A161: Europe 52°N (Helmert) | B161: W27 Malines - W28 Anvers - W26 Herenthals | C161: A | D161: 310.7191 | E161: 2.31 | F161: 0.0050631589 | G161: 1.0788 | H161: =D161*F161 -> 1.5732202 | I161: =IF(G161="","",D161*1000000/Inputs!$B$4^2*Inputs!$B$5/G161) -> 1.463649 | J161: =IF(C161="A",Inputs!$B$7,IF(C161="B",Inputs!$B$8,IF(C161="C",Inputs!$B$9,0))) -> 1 | K161: =IF(AND(E161<>"",G161<>"",J161>0),IF(I161>=Inputs!$B$6,1,0),0) -> 0 | L161: 0 | M161: 310.7937 | N161: 1.57 | O161: ok | P161: =IF(K161=1,J161/G161^2,0) -> 0 | Q161: =IF(K161=1,((E161-Result!$B$7*D161)/G161)^2,0) -> 0
... A207: Europe 52°N (Helmert) | B207: E34 Bischofskoppe - E43 Annaberg - E44 Pschow | C207: A | D207: 1395.6613 | E207: 6.13 | F207: 0.0050641929 | G207: 1.0788 | H207: =D207*F207 -> 7.067898 | I207: =IF(G207="","",D207*1000000/Inputs!$B$4^2*Inputs!$B$5/G207) -> 6.5742925 | J207: =IF(C207="A",Inputs!$B$7,IF(C207="B",Inputs!$B$8,IF(C207="C",Inputs!$B$9,0))) -> 1 | K207: =IF(AND(E207<>"",G207<>"",J207>0),IF(I207>=Inputs!$B$6,1,0),0) -> 1 | L207: 0 | M207: 1396.0038 | N207: 7.07 | O207: ok | P207: =IF(K207=1,J207/G207^2,0) -> 0.8592472 | Q207: =IF(K207=1,((E207-Result!$B$7*D207)/G207)^2,0) -> 0.73233653
A208: Europe 52°N (Helmert) | B208: E44 Pschow - E43 Annaberg - E45 Orzesche | D208: 744.2023 | F208: 0.005064235 | G208: 1.0788 | H208: =D208*F208 -> 3.7688153 | I208: =IF(G208="","",D208*1000000/Inputs!$B$4^2*Inputs!$B$5/G208) -> 3.5055809 | J208: =IF(C208="A",Inputs!$B$7,IF(C208="B",Inputs!$B$8,IF(C208="C",Inputs!$B$9,0))) -> 0 | K208: =IF(AND(E208<>"",G208<>"",J208>0),IF(I208>=Inputs!$B$6,1,0),0) -> 0 | L208: 0 | M208: 744.2023 | N208: 3.77 | O208: dropped: blunder, |excess - A/R0^2| > 20" (63.3 vs 3.8) | P208: =IF(K208=1,J208/G208^2,0) -> 0 | Q208: =IF(K208=1,((E208-Result!$B$7*D208)/G208)^2,0) -> 0
A209: Europe 52°N (Helmert) | B209: E45 Orzesche - E43 Annaberg - E46 Trockenberg | C209: A | D209: 748.8146 | E209: 4.55 | F209: 0.0050640909 | G209: 1.0788 | H209: =D209*F209 -> 3.7920652 | I209: =IF(G209="","",D209*1000000/Inputs!$B$4^2*Inputs!$B$5/G209) -> 3.5273072 | J209: =IF(C209="A",Inputs!$B$7,IF(C209="B",Inputs!$B$8,IF(C209="C",Inputs!$B$9,0))) -> 1 | K209: =IF(AND(E209<>"",G209<>"",J209>0),IF(I209>=Inputs!$B$6,1,0),0) -> 1 | L209: 0 | M209: 748.9948 | N209: 3.79 | O209: ok | P209: =IF(K209=1,J209/G209^2,0) -> 0.8592472 | Q209: =IF(K209=1,((E209-Result!$B$7*D209)/G209)^2,0) -> 0.50383126
A210: Europe 52°N (Helmert) | B210: E46 Trockenberg - E43 Annaberg - E42 Lubetzko | C210: A | D210: 759.4337 | E210: 2.46 | F210: 0.005063877 | G210: 1.0788 | H210: =D210*F210 -> 3.8456788 | I210: =IF(G210="","",D210*1000000/Inputs!$B$4^2*Inputs!$B$5/G210) -> 3.5773287 | J210: =IF(C210="A",Inputs!$B$7,IF(C210="B",Inputs!$B$8,IF(C210="C",Inputs!$B$9,0))) -> 1 | K210: =IF(AND(E210<>"",G210<>"",J210>0),IF(I210>=Inputs!$B$6,1,0),0) -> 1 | L210: 0 | M210: 759.6183 | N210: 3.85 | O210: ok | P210: =IF(K210=1,J210/G210^2,0) -> 0.8592472 | Q210: =IF(K210=1,((E210-Result!$B$7*D210)/G210)^2,0) -> 1.631425
A211: Europe 52°N (Helmert) | B211: E46 Trockenberg - E42 Lubetzko - E47 Lubschau | C211: A | D211: 308.5125 | E211: 2.23 | F211: 0.0050638164 | G211: 1.0788 | H211: =D211*F211 -> 1.5622507 | I211: =IF(G211="","",D211*1000000/Inputs!$B$4^2*Inputs!$B$5/G211) -> 1.4532547 | J211: =IF(C211="A",Inputs!$B$7,IF(C211="B",Inputs!$B$8,IF(C211="C",Inputs!$B$9,0))) -> 1 | K211: =IF(AND(E211<>"",G211<>"",J211>0),IF(I211>=Inputs!$B$6,1,0),0) -> 0 | L211: 0 | M211: 308.5861 | N211: 1.56 | O211: ok | P211: =IF(K211=1,J211/G211^2,0) -> 0 | Q211: =IF(K211=1,((E211-Result!$B$7*D211)/G211)^2,0) -> 0
...

Sheet Chain_sums
A1: Whole-chain sums over non-overlapping triangles (Appendix B)
A3: Chain | B3: Triangles | C3: Area (km²) | D3: Σ excess observed (″) | E3: Σ expected (″) | F3: Noise σ√n (″) | G3: K/K ellipsoid | H3: Shortfall per triangle (″)
A4: US 39th parallel | B4: =SUMPRODUCT((Triangles!$A$2:$A$1006=A4)*Triangles!$L$2:$L$1006) -> 241 | C4: =SUMPRODUCT((Triangles!$A$2:$A$1006=A4)*Triangles!$L$2:$L$1006,Triangles!$D$2:$D$1006) -> 322644.47 | D4: =SUMPRODUCT((Triangles!$A$2:$A$1006=A4)*Triangles!$L$2:$L$1006,Triangles!$E$2:$E$1006) -> 1604.335 | E4: =SUMPRODUCT((Triangles!$A$2:$A$1006=A4)*Triangles!$L$2:$L$1006,Triangles!$H$2:$H$1006) -> 1638.3072 | F4: =INDEX(Triangles!$G$2:$G$1006,MATCH(A4,Triangles!$A$2:$A$1006,0))*SQRT(B4) -> 19.580642 | G4: =D4/E4 -> 0.97926384 | H4: =(D4-E4)/B4 -> -0.14096347
A5: US Eastern Oblique | B5: =SUMPRODUCT((Triangles!$A$2:$A$1006=A5)*Triangles!$L$2:$L$1006) -> 114 | C5: =SUMPRODUCT((Triangles!$A$2:$A$1006=A5)*Triangles!$L$2:$L$1006,Triangles!$D$2:$D$1006) -> 112582.34 | D5: =SUMPRODUCT((Triangles!$A$2:$A$1006=A5)*Triangles!$L$2:$L$1006,Triangles!$E$2:$E$1006) -> 539.525 | E5: =SUMPRODUCT((Triangles!$A$2:$A$1006=A5)*Triangles!$L$2:$L$1006,Triangles!$H$2:$H$1006) -> 571.75178 | F5: =INDEX(Triangles!$G$2:$G$1006,MATCH(A5,Triangles!$A$2:$A$1006,0))*SQRT(B5) -> 14.918014 | G5: =D5/E5 -> 0.94363502 | H5: =(D5-E5)/B5 -> -0.28269106
A6: Maclear, Cape 1837–48 | B6: =SUMPRODUCT((Triangles!$A$2:$A$1006=A6)*Triangles!$L$2:$L$1006) -> 18 | C6: =SUMPRODUCT((Triangles!$A$2:$A$1006=A6)*Triangles!$L$2:$L$1006,Triangles!$D$2:$D$1006) -> 43539.602 | D6: =SUMPRODUCT((Triangles!$A$2:$A$1006=A6)*Triangles!$L$2:$L$1006,Triangles!$E$2:$E$1006) -> 230.5 | E6: =SUMPRODUCT((Triangles!$A$2:$A$1006=A6)*Triangles!$L$2:$L$1006,Triangles!$H$2:$H$1006) -> 221.4292 | F6: =INDEX(Triangles!$G$2:$G$1006,MATCH(A6,Triangles!$A$2:$A$1006,0))*SQRT(B6) -> 7.6452385 | G6: =D6/E6 -> 1.0409648 | H6: =(D6-E6)/B6 -> 0.50393332
A7: Core three combined | B7: =SUM(B4:B6) -> 373 | C7: =SUM(C4:C6) -> 478766.41 | D7: =SUM(D4:D6) -> 2374.36 | E7: =SUM(E4:E6) -> 2431.4882 | F7: =SQRT(SUMPRODUCT(F4:F6,F4:F6)) -> 25.775925 | G7: =D7/E7 -> 0.97650485 | H7: =(D7-E7)/B7 -> -0.15315865

Sheet Source_check
A1: KML entries checked against the printed tables (Schott 1900, 1902)
A3: Pages read entry by entry
A4: Report | B4: Printed page | C4: PDF page | D4: Triangles on page | E4: Angles | F4: All match KML
A5: Schott 1900 | B5: 414 | C5: 424 | D5: 9 | E5: =D5*3 -> 27 | F5: Yes
A6: Schott 1900 | B6: 474 | C6: 485 | D6: 9 | E6: =D6*3 -> 27 | F6: Yes
A7: Schott 1900 | B7: 588 | C7: 616 | D7: 9 | E7: =D7*3 -> 27 | F7: Yes
A8: Schott 1900 | B8: 591 | C8: 619 | D8: 9 | E8: =D8*3 -> 27 | F8: Yes
A9: Schott 1902 | B9: 131 | C9: 153 | D9: 12 | E9: =D9*3 -> 36 | F9: Yes
A10: Total | D10: =SUM(D5:D9) -> 48 | E10: =SUM(E5:E9) -> 144
A12: Three printed misprints, corrected from the printed sides by the law of cosines
A13: Triangle | B13: Source | C13: Station with misprint | D13: Printed angle (°) | E13: Side opposite it (m) | F13: Other side b (m) | G13: Other side c (m) | H13: Angle from sides (°) | I13: Corrected angle (°)
A14: Mount Nebo – Wheeler Peak – Ibepah | B14: Schott 1900 p. 591 no. 33 | C14: Ibepah | D14: 10 09 30.489 | E14: 237769.08 | F14: 99493.31 | G14: 184375.27 | H14: =DEGREES(ACOS((F14^2+G14^2-E14^2)/(2*F14*G14))) -> 110.15442 | I14: 110 09 30.489
A15: Cherry Ridge – Twin Creek – Round Top | B15: Schott 1900 p. 414 no. 25 | C15: Cherry Ridge | D15: 20 10 13.41 | E15: 11997.12 | F15: 24389.25 | G15: 18130.38 | H15: =DEGREES(ACOS((F15^2+G15^2-E15^2)/(2*F15*G15))) -> 28.17057 | I15: 28 10 13.41
A16: Gunstock – Mount Pleasant – Mount Independence | B16: Schott 1902 p. 131 no. 16 | C16: Mount Pleasant | D16: 19 54 04.38 | E16: 88811.79 | F16: 50110.16 | G16: 71681.66 | H16: =DEGREES(ACOS((F16^2+G16^2-E16^2)/(2*F16*G16))) -> 91.90048 | I16: 91 54 04.38
A18: Sides are the printed "Distances in metres" for each triangle. The angle from sides matches the corrected degrees to within the rounding of the printed sides.
